PRAGMA foreign_keys=OFF;
BEGIN TRANSACTION;
CREATE TABLE `strapi_migrations` (`id` integer not null primary key autoincrement, `name` varchar(255), `time` datetime);
CREATE TABLE `strapi_database_schema` (`id` integer not null primary key autoincrement, `schema` json, `time` datetime, `hash` varchar(255));
INSERT INTO strapi_database_schema VALUES(15,'{"tables":[{"name":"strapi_core_store_settings","indexes":[],"foreignKeys":[],"columns":[{"name":"id","type":"increments","args":[{"primary":true}],"defaultTo":null,"notNullable":true,"unsigned":false},{"name":"key","type":"string","args":[],"defaultTo":null,"notNullable":false,"unsigned":false},{"name":"value","type":"text","args":["longtext"],"defaultTo":null,"notNullable":false,"unsigned":false},{"name":"type","type":"string","args":[],"defaultTo":null,"notNullable":false,"unsigned":false},{"name":"environment","type":"string","args":[],"defaultTo":null,"notNullable":false,"unsigned":false},{"name":"tag","type":"string","args":[],"defaultTo":null,"notNullable":false,"unsigned":false}]},{"name":"strapi_webhooks","indexes":[],"foreignKeys":[],"columns":[{"name":"id","type":"increments","args":[{"primary":true}],"defaultTo":null,"notNullable":true,"unsigned":false},{"name":"name","type":"string","args":[],"defaultTo":null,"notNullable":false,"unsigned":false},{"name":"url","type":"text","args":["longtext"],"defaultTo":null,"notNullable":false,"unsigned":false},{"name":"headers","type":"jsonb","args":[],"defaultTo":null,"notNullable":false,"unsigned":false},{"name":"events","type":"jsonb","args":[],"defaultTo":null,"notNullable":false,"unsigned":false},{"name":"enabled","type":"boolean","args":[],"defaultTo":null,"notNullable":false,"unsigned":false}]},{"name":"admin_permissions","indexes":[{"name":"admin_permissions_created_by_id_fk","columns":["created_by_id"]},{"name":"admin_permissions_updated_by_id_fk","columns":["updated_by_id"]}],"foreignKeys":[{"name":"admin_permissions_created_by_id_fk","columns":["created_by_id"],"referencedTable":"admin_users","referencedColumns":["id"],"onDelete":"SET NULL"},{"name":"admin_permissions_updated_by_id_fk","columns":["updated_by_id"],"referencedTable":"admin_users","referencedColumns":["id"],"onDelete":"SET NULL"}],"columns":[{"name":"id","type":"increments","args":[{"primary":true}],"defaultTo":null,"notNullable":true,"unsigned":false},{"name":"action","type":"string","args":[],"defaultTo":null,"notNullable":false,"unsigned":false},{"name":"subject","type":"string","args":[],"defaultTo":null,"notNullable":false,"unsigned":false},{"name":"properties","type":"jsonb","args":[],"defaultTo":null,"notNullable":false,"unsigned":false},{"name":"conditions","type":"jsonb","args":[],"defaultTo":null,"notNullable":false,"unsigned":false},{"name":"created_at","type":"datetime","args":[{"useTz":false,"precision":6}],"defaultTo":null,"notNullable":false,"unsigned":false},{"name":"updated_at","type":"datetime","args":[{"useTz":false,"precision":6}],"defaultTo":null,"notNullable":false,"unsigned":false},{"name":"created_by_id","type":"integer","args":[],"defaultTo":null,"notNullable":false,"unsigned":true},{"name":"updated_by_id","type":"integer","args":[],"defaultTo":null,"notNullable":false,"unsigned":true}]},{"name":"admin_users","indexes":[{"name":"admin_users_created_by_id_fk","columns":["created_by_id"]},{"name":"admin_users_updated_by_id_fk","columns":["updated_by_id"]}],"foreignKeys":[{"name":"admin_users_created_by_id_fk","columns":["created_by_id"],"referencedTable":"admin_users","referencedColumns":["id"],"onDelete":"SET NULL"},{"name":"admin_users_updated_by_id_fk","columns":["updated_by_id"],"referencedTable":"admin_users","referencedColumns":["id"],"onDelete":"SET NULL"}],"columns":[{"name":"id","type":"increments","args":[{"primary":true}],"defaultTo":null,"notNullable":true,"unsigned":false},{"name":"firstname","type":"string","args":[],"defaultTo":null,"notNullable":false,"unsigned":false},{"name":"lastname","type":"string","args":[],"defaultTo":null,"notNullable":false,"unsigned":false},{"name":"username","type":"string","args":[],"defaultTo":null,"notNullable":false,"unsigned":false},{"name":"email","type":"string","args":[],"defaultTo":null,"notNullable":false,"unsigned":false},{"name":"password","type":"string","args":[],"defaultTo":null,"notNullable":false,"unsigned":false},{"name":"reset_password_token","type":"string","args":[],"defaultTo":null,"notNullable":false,"unsigned":false},{"name":"registration_token","type":"string","args":[],"defaultTo":null,"notNullable":false,"unsigned":false},{"name":"is_active","type":"boolean","args":[],"defaultTo":null,"notNullable":false,"unsigned":false},{"name":"blocked","type":"boolean","args":[],"defaultTo":null,"notNullable":false,"unsigned":false},{"name":"prefered_language","type":"string","args":[],"defaultTo":null,"notNullable":false,"unsigned":false},{"name":"created_at","type":"datetime","args":[{"useTz":false,"precision":6}],"defaultTo":null,"notNullable":false,"unsigned":false},{"name":"updated_at","type":"datetime","args":[{"useTz":false,"precision":6}],"defaultTo":null,"notNullable":false,"unsigned":false},{"name":"created_by_id","type":"integer","args":[],"defaultTo":null,"notNullable":false,"unsigned":true},{"name":"updated_by_id","type":"integer","args":[],"defaultTo":null,"notNullable":false,"unsigned":true}]},{"name":"admin_roles","indexes":[{"name":"admin_roles_created_by_id_fk","columns":["created_by_id"]},{"name":"admin_roles_updated_by_id_fk","columns":["updated_by_id"]}],"foreignKeys":[{"name":"admin_roles_created_by_id_fk","columns":["created_by_id"],"referencedTable":"admin_users","referencedColumns":["id"],"onDelete":"SET NULL"},{"name":"admin_roles_updated_by_id_fk","columns":["updated_by_id"],"referencedTable":"admin_users","referencedColumns":["id"],"onDelete":"SET NULL"}],"columns":[{"name":"id","type":"increments","args":[{"primary":true}],"defaultTo":null,"notNullable":true,"unsigned":false},{"name":"name","type":"string","args":[],"defaultTo":null,"notNullable":false,"unsigned":false},{"name":"code","type":"string","args":[],"defaultTo":null,"notNullable":false,"unsigned":false},{"name":"description","type":"string","args":[],"defaultTo":null,"notNullable":false,"unsigned":false},{"name":"created_at","type":"datetime","args":[{"useTz":false,"precision":6}],"defaultTo":null,"notNullable":false,"unsigned":false},{"name":"updated_at","type":"datetime","args":[{"useTz":false,"precision":6}],"defaultTo":null,"notNullable":false,"unsigned":false},{"name":"created_by_id","type":"integer","args":[],"defaultTo":null,"notNullable":false,"unsigned":true},{"name":"updated_by_id","type":"integer","args":[],"defaultTo":null,"notNullable":false,"unsigned":true}]},{"name":"strapi_api_tokens","indexes":[{"name":"strapi_api_tokens_created_by_id_fk","columns":["created_by_id"]},{"name":"strapi_api_tokens_updated_by_id_fk","columns":["updated_by_id"]}],"foreignKeys":[{"name":"strapi_api_tokens_created_by_id_fk","columns":["created_by_id"],"referencedTable":"admin_users","referencedColumns":["id"],"onDelete":"SET NULL"},{"name":"strapi_api_tokens_updated_by_id_fk","columns":["updated_by_id"],"referencedTable":"admin_users","referencedColumns":["id"],"onDelete":"SET NULL"}],"columns":[{"name":"id","type":"increments","args":[{"primary":true}],"defaultTo":null,"notNullable":true,"unsigned":false},{"name":"name","type":"string","args":[],"defaultTo":null,"notNullable":false,"unsigned":false},{"name":"description","type":"string","args":[],"defaultTo":null,"notNullable":false,"unsigned":false},{"name":"type","type":"string","args":[],"defaultTo":null,"notNullable":false,"unsigned":false},{"name":"access_key","type":"string","args":[],"defaultTo":null,"notNullable":false,"unsigned":false},{"name":"created_at","type":"datetime","args":[{"useTz":false,"precision":6}],"defaultTo":null,"notNullable":false,"unsigned":false},{"name":"updated_at","type":"datetime","args":[{"useTz":false,"precision":6}],"defaultTo":null,"notNullable":false,"unsigned":false},{"name":"created_by_id","type":"integer","args":[],"defaultTo":null,"notNullable":false,"unsigned":true},{"name":"updated_by_id","type":"integer","args":[],"defaultTo":null,"notNullable":false,"unsigned":true}]},{"name":"dishes","indexes":[{"name":"dishes_created_by_id_fk","columns":["created_by_id"]},{"name":"dishes_updated_by_id_fk","columns":["updated_by_id"]}],"foreignKeys":[{"name":"dishes_created_by_id_fk","columns":["created_by_id"],"referencedTable":"admin_users","referencedColumns":["id"],"onDelete":"SET NULL"},{"name":"dishes_updated_by_id_fk","columns":["updated_by_id"],"referencedTable":"admin_users","referencedColumns":["id"],"onDelete":"SET NULL"}],"columns":[{"name":"id","type":"increments","args":[{"primary":true}],"defaultTo":null,"notNullable":true,"unsigned":false},{"name":"name","type":"string","args":[],"defaultTo":null,"notNullable":false,"unsigned":false},{"name":"description","type":"string","args":[],"defaultTo":null,"notNullable":false,"unsigned":false},{"name":"cost","type":"decimal","args":[10,2],"defaultTo":null,"notNullable":false,"unsigned":false},{"name":"add","type":"jsonb","args":[],"defaultTo":null,"notNullable":false,"unsigned":false},{"name":"vegetarian","type":"boolean","args":[],"defaultTo":null,"notNullable":false,"unsigned":false},{"name":"vegan","type":"boolean","args":[],"defaultTo":null,"notNullable":false,"unsigned":false},{"name":"gf","type":"boolean","args":[],"defaultTo":null,"notNullable":false,"unsigned":false},{"name":"service","type":"string","args":[],"defaultTo":null,"notNullable":false,"unsigned":false},{"name":"course","type":"string","args":[],"defaultTo":null,"notNullable":false,"unsigned":false},{"name":"created_at","type":"datetime","args":[{"useTz":false,"precision":6}],"defaultTo":null,"notNullable":false,"unsigned":false},{"name":"updated_at","type":"datetime","args":[{"useTz":false,"precision":6}],"defaultTo":null,"notNullable":false,"unsigned":false},{"name":"published_at","type":"datetime","args":[{"useTz":false,"precision":6}],"defaultTo":null,"notNullable":false,"unsigned":false},{"name":"created_by_id","type":"integer","args":[],"defaultTo":null,"notNullable":false,"unsigned":true},{"name":"updated_by_id","type":"integer","args":[],"defaultTo":null,"notNullable":false,"unsigned":true}]},{"name":"orders","indexes":[{"name":"orders_created_by_id_fk","columns":["created_by_id"]},{"name":"orders_updated_by_id_fk","columns":["updated_by_id"]}],"foreignKeys":[{"name":"orders_created_by_id_fk","columns":["created_by_id"],"referencedTable":"admin_users","referencedColumns":["id"],"onDelete":"SET NULL"},{"name":"orders_updated_by_id_fk","columns":["updated_by_id"],"referencedTable":"admin_users","referencedColumns":["id"],"onDelete":"SET NULL"}],"columns":[{"name":"id","type":"increments","args":[{"primary":true}],"defaultTo":null,"notNullable":true,"unsigned":false},{"name":"amount","type":"decimal","args":[10,2],"defaultTo":null,"notNullable":false,"unsigned":false},{"name":"address","type":"string","args":[],"defaultTo":null,"notNullable":false,"unsigned":false},{"name":"city","type":"string","args":[],"defaultTo":null,"notNullable":false,"unsigned":false},{"name":"state","type":"string","args":[],"defaultTo":null,"notNullable":false,"unsigned":false},{"name":"token","type":"string","args":[],"defaultTo":null,"notNullable":false,"unsigned":false},{"name":"dishes","type":"jsonb","args":[],"defaultTo":null,"notNullable":false,"unsigned":false},{"name":"created_at","type":"datetime","args":[{"useTz":false,"precision":6}],"defaultTo":null,"notNullable":false,"unsigned":false},{"name":"updated_at","type":"datetime","args":[{"useTz":false,"precision":6}],"defaultTo":null,"notNullable":false,"unsigned":false},{"name":"published_at","type":"datetime","args":[{"useTz":false,"precision":6}],"defaultTo":null,"notNullable":false,"unsigned":false},{"name":"created_by_id","type":"integer","args":[],"defaultTo":null,"notNullable":false,"unsigned":true},{"name":"updated_by_id","type":"integer","args":[],"defaultTo":null,"notNullable":false,"unsigned":true}]},{"name":"restaurants","indexes":[{"name":"restaurants_created_by_id_fk","columns":["created_by_id"]},{"name":"restaurants_updated_by_id_fk","columns":["updated_by_id"]}],"foreignKeys":[{"name":"restaurants_created_by_id_fk","columns":["created_by_id"],"referencedTable":"admin_users","referencedColumns":["id"],"onDelete":"SET NULL"},{"name":"restaurants_updated_by_id_fk","columns":["updated_by_id"],"referencedTable":"admin_users","referencedColumns":["id"],"onDelete":"SET NULL"}],"columns":[{"name":"id","type":"increments","args":[{"primary":true}],"defaultTo":null,"notNullable":true,"unsigned":false},{"name":"name","type":"string","args":[],"defaultTo":null,"notNullable":false,"unsigned":false},{"name":"address","type":"string","args":[],"defaultTo":null,"notNullable":false,"unsigned":false},{"name":"city","type":"string","args":[],"defaultTo":null,"notNullable":false,"unsigned":false},{"name":"state","type":"string","args":[],"defaultTo":null,"notNullable":false,"unsigned":false},{"name":"link","type":"string","args":[],"defaultTo":null,"notNullable":false,"unsigned":false},{"name":"created_at","type":"datetime","args":[{"useTz":false,"precision":6}],"defaultTo":null,"notNullable":false,"unsigned":false},{"name":"updated_at","type":"datetime","args":[{"useTz":false,"precision":6}],"defaultTo":null,"notNullable":false,"unsigned":false},{"name":"published_at","type":"datetime","args":[{"useTz":false,"precision":6}],"defaultTo":null,"notNullable":false,"unsigned":false},{"name":"created_by_id","type":"integer","args":[],"defaultTo":null,"notNullable":false,"unsigned":true},{"name":"updated_by_id","type":"integer","args":[],"defaultTo":null,"notNullable":false,"unsigned":true}]},{"name":"files","indexes":[{"name":"files_created_by_id_fk","columns":["created_by_id"]},{"name":"files_updated_by_id_fk","columns":["updated_by_id"]}],"foreignKeys":[{"name":"files_created_by_id_fk","columns":["created_by_id"],"referencedTable":"admin_users","referencedColumns":["id"],"onDelete":"SET NULL"},{"name":"files_updated_by_id_fk","columns":["updated_by_id"],"referencedTable":"admin_users","referencedColumns":["id"],"onDelete":"SET NULL"}],"columns":[{"name":"id","type":"increments","args":[{"primary":true}],"defaultTo":null,"notNullable":true,"unsigned":false},{"name":"name","type":"string","args":[],"defaultTo":null,"notNullable":false,"unsigned":false},{"name":"alternative_text","type":"string","args":[],"defaultTo":null,"notNullable":false,"unsigned":false},{"name":"caption","type":"string","args":[],"defaultTo":null,"notNullable":false,"unsigned":false},{"name":"width","type":"integer","args":[],"defaultTo":null,"notNullable":false,"unsigned":false},{"name":"height","type":"integer","args":[],"defaultTo":null,"notNullable":false,"unsigned":false},{"name":"formats","type":"jsonb","args":[],"defaultTo":null,"notNullable":false,"unsigned":false},{"name":"hash","type":"string","args":[],"defaultTo":null,"notNullable":false,"unsigned":false},{"name":"ext","type":"string","args":[],"defaultTo":null,"notNullable":false,"unsigned":false},{"name":"mime","type":"string","args":[],"defaultTo":null,"notNullable":false,"unsigned":false},{"name":"size","type":"decimal","args":[10,2],"defaultTo":null,"notNullable":false,"unsigned":false},{"name":"url","type":"string","args":[],"defaultTo":null,"notNullable":false,"unsigned":false},{"name":"preview_url","type":"string","args":[],"defaultTo":null,"notNullable":false,"unsigned":false},{"name":"provider","type":"string","args":[],"defaultTo":null,"notNullable":false,"unsigned":false},{"name":"provider_metadata","type":"jsonb","args":[],"defaultTo":null,"notNullable":false,"unsigned":false},{"name":"created_at","type":"datetime","args":[{"useTz":false,"precision":6}],"defaultTo":null,"notNullable":false,"unsigned":false},{"name":"updated_at","type":"datetime","args":[{"useTz":false,"precision":6}],"defaultTo":null,"notNullable":false,"unsigned":false},{"name":"created_by_id","type":"integer","args":[],"defaultTo":null,"notNullable":false,"unsigned":true},{"name":"updated_by_id","type":"integer","args":[],"defaultTo":null,"notNullable":false,"unsigned":true}]},{"name":"i18n_locale","indexes":[{"name":"i18n_locale_created_by_id_fk","columns":["created_by_id"]},{"name":"i18n_locale_updated_by_id_fk","columns":["updated_by_id"]}],"foreignKeys":[{"name":"i18n_locale_created_by_id_fk","columns":["created_by_id"],"referencedTable":"admin_users","referencedColumns":["id"],"onDelete":"SET NULL"},{"name":"i18n_locale_updated_by_id_fk","columns":["updated_by_id"],"referencedTable":"admin_users","referencedColumns":["id"],"onDelete":"SET NULL"}],"columns":[{"name":"id","type":"increments","args":[{"primary":true}],"defaultTo":null,"notNullable":true,"unsigned":false},{"name":"name","type":"string","args":[],"defaultTo":null,"notNullable":false,"unsigned":false},{"name":"code","type":"string","args":[],"defaultTo":null,"notNullable":false,"unsigned":false},{"name":"created_at","type":"datetime","args":[{"useTz":false,"precision":6}],"defaultTo":null,"notNullable":false,"unsigned":false},{"name":"updated_at","type":"datetime","args":[{"useTz":false,"precision":6}],"defaultTo":null,"notNullable":false,"unsigned":false},{"name":"created_by_id","type":"integer","args":[],"defaultTo":null,"notNullable":false,"unsigned":true},{"name":"updated_by_id","type":"integer","args":[],"defaultTo":null,"notNullable":false,"unsigned":true}]},{"name":"up_permissions","indexes":[{"name":"up_permissions_created_by_id_fk","columns":["created_by_id"]},{"name":"up_permissions_updated_by_id_fk","columns":["updated_by_id"]}],"foreignKeys":[{"name":"up_permissions_created_by_id_fk","columns":["created_by_id"],"referencedTable":"admin_users","referencedColumns":["id"],"onDelete":"SET NULL"},{"name":"up_permissions_updated_by_id_fk","columns":["updated_by_id"],"referencedTable":"admin_users","referencedColumns":["id"],"onDelete":"SET NULL"}],"columns":[{"name":"id","type":"increments","args":[{"primary":true}],"defaultTo":null,"notNullable":true,"unsigned":false},{"name":"action","type":"string","args":[],"defaultTo":null,"notNullable":false,"unsigned":false},{"name":"created_at","type":"datetime","args":[{"useTz":false,"precision":6}],"defaultTo":null,"notNullable":false,"unsigned":false},{"name":"updated_at","type":"datetime","args":[{"useTz":false,"precision":6}],"defaultTo":null,"notNullable":false,"unsigned":false},{"name":"created_by_id","type":"integer","args":[],"defaultTo":null,"notNullable":false,"unsigned":true},{"name":"updated_by_id","type":"integer","args":[],"defaultTo":null,"notNullable":false,"unsigned":true}]},{"name":"up_roles","indexes":[{"name":"up_roles_created_by_id_fk","columns":["created_by_id"]},{"name":"up_roles_updated_by_id_fk","columns":["updated_by_id"]}],"foreignKeys":[{"name":"up_roles_created_by_id_fk","columns":["created_by_id"],"referencedTable":"admin_users","referencedColumns":["id"],"onDelete":"SET NULL"},{"name":"up_roles_updated_by_id_fk","columns":["updated_by_id"],"referencedTable":"admin_users","referencedColumns":["id"],"onDelete":"SET NULL"}],"columns":[{"name":"id","type":"increments","args":[{"primary":true}],"defaultTo":null,"notNullable":true,"unsigned":false},{"name":"name","type":"string","args":[],"defaultTo":null,"notNullable":false,"unsigned":false},{"name":"description","type":"string","args":[],"defaultTo":null,"notNullable":false,"unsigned":false},{"name":"type","type":"string","args":[],"defaultTo":null,"notNullable":false,"unsigned":false},{"name":"created_at","type":"datetime","args":[{"useTz":false,"precision":6}],"defaultTo":null,"notNullable":false,"unsigned":false},{"name":"updated_at","type":"datetime","args":[{"useTz":false,"precision":6}],"defaultTo":null,"notNullable":false,"unsigned":false},{"name":"created_by_id","type":"integer","args":[],"defaultTo":null,"notNullable":false,"unsigned":true},{"name":"updated_by_id","type":"integer","args":[],"defaultTo":null,"notNullable":false,"unsigned":true}]},{"name":"up_users","indexes":[{"name":"up_users_created_by_id_fk","columns":["created_by_id"]},{"name":"up_users_updated_by_id_fk","columns":["updated_by_id"]}],"foreignKeys":[{"name":"up_users_created_by_id_fk","columns":["created_by_id"],"referencedTable":"admin_users","referencedColumns":["id"],"onDelete":"SET NULL"},{"name":"up_users_updated_by_id_fk","columns":["updated_by_id"],"referencedTable":"admin_users","referencedColumns":["id"],"onDelete":"SET NULL"}],"columns":[{"name":"id","type":"increments","args":[{"primary":true}],"defaultTo":null,"notNullable":true,"unsigned":false},{"name":"username","type":"string","args":[],"defaultTo":null,"notNullable":false,"unsigned":false},{"name":"email","type":"string","args":[],"defaultTo":null,"notNullable":false,"unsigned":false},{"name":"provider","type":"string","args":[],"defaultTo":null,"notNullable":false,"unsigned":false},{"name":"password","type":"string","args":[],"defaultTo":null,"notNullable":false,"unsigned":false},{"name":"reset_password_token","type":"string","args":[],"defaultTo":null,"notNullable":false,"unsigned":false},{"name":"confirmation_token","type":"string","args":[],"defaultTo":null,"notNullable":false,"unsigned":false},{"name":"confirmed","type":"boolean","args":[],"defaultTo":null,"notNullable":false,"unsigned":false},{"name":"blocked","type":"boolean","args":[],"defaultTo":null,"notNullable":false,"unsigned":false},{"name":"firstname","type":"string","args":[],"defaultTo":null,"notNullable":false,"unsigned":false},{"name":"lastname","type":"string","args":[],"defaultTo":null,"notNullable":false,"unsigned":false},{"name":"created_at","type":"datetime","args":[{"useTz":false,"precision":6}],"defaultTo":null,"notNullable":false,"unsigned":false},{"name":"updated_at","type":"datetime","args":[{"useTz":false,"precision":6}],"defaultTo":null,"notNullable":false,"unsigned":false},{"name":"created_by_id","type":"integer","args":[],"defaultTo":null,"notNullable":false,"unsigned":true},{"name":"updated_by_id","type":"integer","args":[],"defaultTo":null,"notNullable":false,"unsigned":true}]},{"name":"admin_permissions_role_links","indexes":[{"name":"admin_permissions_role_links_fk","columns":["permission_id"]},{"name":"admin_permissions_role_links_inv_fk","columns":["role_id"]}],"foreignKeys":[{"name":"admin_permissions_role_links_fk","columns":["permission_id"],"referencedColumns":["id"],"referencedTable":"admin_permissions","onDelete":"CASCADE"},{"name":"admin_permissions_role_links_inv_fk","columns":["role_id"],"referencedColumns":["id"],"referencedTable":"admin_roles","onDelete":"CASCADE"}],"columns":[{"name":"permission_id","type":"integer","args":[],"defaultTo":null,"notNullable":false,"unsigned":true},{"name":"role_id","type":"integer","args":[],"defaultTo":null,"notNullable":false,"unsigned":true}]},{"name":"admin_users_roles_links","indexes":[{"name":"admin_users_roles_links_fk","columns":["user_id"]},{"name":"admin_users_roles_links_inv_fk","columns":["role_id"]}],"foreignKeys":[{"name":"admin_users_roles_links_fk","columns":["user_id"],"referencedColumns":["id"],"referencedTable":"admin_users","onDelete":"CASCADE"},{"name":"admin_users_roles_links_inv_fk","columns":["role_id"],"referencedColumns":["id"],"referencedTable":"admin_roles","onDelete":"CASCADE"}],"columns":[{"name":"user_id","type":"integer","args":[],"defaultTo":null,"notNullable":false,"unsigned":true},{"name":"role_id","type":"integer","args":[],"defaultTo":null,"notNullable":false,"unsigned":true}]},{"name":"dishes_restaurant_links","indexes":[{"name":"dishes_restaurant_links_fk","columns":["dish_id"]},{"name":"dishes_restaurant_links_inv_fk","columns":["restaurant_id"]}],"foreignKeys":[{"name":"dishes_restaurant_links_fk","columns":["dish_id"],"referencedColumns":["id"],"referencedTable":"dishes","onDelete":"CASCADE"},{"name":"dishes_restaurant_links_inv_fk","columns":["restaurant_id"],"referencedColumns":["id"],"referencedTable":"restaurants","onDelete":"CASCADE"}],"columns":[{"name":"dish_id","type":"integer","args":[],"defaultTo":null,"notNullable":false,"unsigned":true},{"name":"restaurant_id","type":"integer","args":[],"defaultTo":null,"notNullable":false,"unsigned":true}]},{"name":"files_related_morphs","indexes":[{"name":"files_related_morphs_fk","columns":["file_id"]}],"foreignKeys":[{"name":"files_related_morphs_fk","columns":["file_id"],"referencedColumns":["id"],"referencedTable":"files","onDelete":"CASCADE"}],"columns":[{"name":"file_id","type":"integer","args":[],"defaultTo":null,"notNullable":false,"unsigned":true},{"name":"related_id","type":"integer","args":[],"defaultTo":null,"notNullable":false,"unsigned":true},{"name":"related_type","type":"string","args":[],"defaultTo":null,"notNullable":false,"unsigned":false},{"name":"field","type":"string","args":[],"defaultTo":null,"notNullable":false,"unsigned":false},{"name":"order","type":"integer","args":[],"defaultTo":null,"notNullable":false,"unsigned":true}]},{"name":"up_permissions_role_links","indexes":[{"name":"up_permissions_role_links_fk","columns":["permission_id"]},{"name":"up_permissions_role_links_inv_fk","columns":["role_id"]}],"foreignKeys":[{"name":"up_permissions_role_links_fk","columns":["permission_id"],"referencedColumns":["id"],"referencedTable":"up_permissions","onDelete":"CASCADE"},{"name":"up_permissions_role_links_inv_fk","columns":["role_id"],"referencedColumns":["id"],"referencedTable":"up_roles","onDelete":"CASCADE"}],"columns":[{"name":"permission_id","type":"integer","args":[],"defaultTo":null,"notNullable":false,"unsigned":true},{"name":"role_id","type":"integer","args":[],"defaultTo":null,"notNullable":false,"unsigned":true}]},{"name":"up_users_role_links","indexes":[{"name":"up_users_role_links_fk","columns":["user_id"]},{"name":"up_users_role_links_inv_fk","columns":["role_id"]}],"foreignKeys":[{"name":"up_users_role_links_fk","columns":["user_id"],"referencedColumns":["id"],"referencedTable":"up_users","onDelete":"CASCADE"},{"name":"up_users_role_links_inv_fk","columns":["role_id"],"referencedColumns":["id"],"referencedTable":"up_roles","onDelete":"CASCADE"}],"columns":[{"name":"user_id","type":"integer","args":[],"defaultTo":null,"notNullable":false,"unsigned":true},{"name":"role_id","type":"integer","args":[],"defaultTo":null,"notNullable":false,"unsigned":true}]}]}',1644883598512,'8dbf2e1ebdbe6b638e1c92aa325ea355');
CREATE TABLE `strapi_core_store_settings` (`id` integer not null primary key autoincrement, `key` varchar(255) null, `value` text null, `type` varchar(255) null, `environment` varchar(255) null, `tag` varchar(255) null);
INSERT INTO strapi_core_store_settings VALUES(1,'strapi_content_types_schema','{"admin::permission":{"collectionName":"admin_permissions","info":{"name":"Permission","description":"","singularName":"permission","pluralName":"permissions","displayName":"Permission"},"options":{},"pluginOptions":{"content-manager":{"visible":false},"content-type-builder":{"visible":false}},"attributes":{"action":{"type":"string","minLength":1,"configurable":false,"required":true},"subject":{"type":"string","minLength":1,"configurable":false,"required":false},"properties":{"type":"json","configurable":false,"required":false,"default":{}},"conditions":{"type":"json","configurable":false,"required":false,"default":[]},"role":{"configurable":false,"type":"relation","relation":"manyToOne","inversedBy":"permissions","target":"admin::role"},"createdAt":{"type":"datetime"},"updatedAt":{"type":"datetime"},"createdBy":{"type":"relation","relation":"oneToOne","target":"admin::user","configurable":false,"writable":false,"visible":false,"useJoinTable":false,"private":true},"updatedBy":{"type":"relation","relation":"oneToOne","target":"admin::user","configurable":false,"writable":false,"visible":false,"useJoinTable":false,"private":true}},"kind":"collectionType","__schema__":{"collectionName":"admin_permissions","info":{"name":"Permission","description":"","singularName":"permission","pluralName":"permissions","displayName":"Permission"},"options":{},"pluginOptions":{"content-manager":{"visible":false},"content-type-builder":{"visible":false}},"attributes":{"action":{"type":"string","minLength":1,"configurable":false,"required":true},"subject":{"type":"string","minLength":1,"configurable":false,"required":false},"properties":{"type":"json","configurable":false,"required":false,"default":{}},"conditions":{"type":"json","configurable":false,"required":false,"default":[]},"role":{"configurable":false,"type":"relation","relation":"manyToOne","inversedBy":"permissions","target":"admin::role"}},"kind":"collectionType"},"modelType":"contentType","modelName":"permission","connection":"default","uid":"admin::permission","plugin":"admin","globalId":"AdminPermission"},"admin::user":{"collectionName":"admin_users","info":{"name":"User","description":"","singularName":"user","pluralName":"users","displayName":"User"},"pluginOptions":{"content-manager":{"visible":false},"content-type-builder":{"visible":false}},"attributes":{"firstname":{"type":"string","unique":false,"minLength":1,"configurable":false,"required":false},"lastname":{"type":"string","unique":false,"minLength":1,"configurable":false,"required":false},"username":{"type":"string","unique":false,"configurable":false,"required":false},"email":{"type":"email","minLength":6,"configurable":false,"required":true,"unique":true,"private":true},"password":{"type":"password","minLength":6,"configurable":false,"required":false,"private":true},"resetPasswordToken":{"type":"string","configurable":false,"private":true},"registrationToken":{"type":"string","configurable":false,"private":true},"isActive":{"type":"boolean","default":false,"configurable":false,"private":true},"roles":{"configurable":false,"private":true,"type":"relation","relation":"manyToMany","inversedBy":"users","target":"admin::role","collectionName":"strapi_users_roles"},"blocked":{"type":"boolean","default":false,"configurable":false,"private":true},"preferedLanguage":{"type":"string","configurable":false,"required":false},"createdAt":{"type":"datetime"},"updatedAt":{"type":"datetime"},"createdBy":{"type":"relation","relation":"oneToOne","target":"admin::user","configurable":false,"writable":false,"visible":false,"useJoinTable":false,"private":true},"updatedBy":{"type":"relation","relation":"oneToOne","target":"admin::user","configurable":false,"writable":false,"visible":false,"useJoinTable":false,"private":true}},"kind":"collectionType","__schema__":{"collectionName":"admin_users","info":{"name":"User","description":"","singularName":"user","pluralName":"users","displayName":"User"},"pluginOptions":{"content-manager":{"visible":false},"content-type-builder":{"visible":false}},"attributes":{"firstname":{"type":"string","unique":false,"minLength":1,"configurable":false,"required":false},"lastname":{"type":"string","unique":false,"minLength":1,"configurable":false,"required":false},"username":{"type":"string","unique":false,"configurable":false,"required":false},"email":{"type":"email","minLength":6,"configurable":false,"required":true,"unique":true,"private":true},"password":{"type":"password","minLength":6,"configurable":false,"required":false,"private":true},"resetPasswordToken":{"type":"string","configurable":false,"private":true},"registrationToken":{"type":"string","configurable":false,"private":true},"isActive":{"type":"boolean","default":false,"configurable":false,"private":true},"roles":{"configurable":false,"private":true,"type":"relation","relation":"manyToMany","inversedBy":"users","target":"admin::role","collectionName":"strapi_users_roles"},"blocked":{"type":"boolean","default":false,"configurable":false,"private":true},"preferedLanguage":{"type":"string","configurable":false,"required":false}},"kind":"collectionType"},"modelType":"contentType","modelName":"user","connection":"default","uid":"admin::user","plugin":"admin","globalId":"AdminUser"},"admin::role":{"collectionName":"admin_roles","info":{"name":"Role","description":"","singularName":"role","pluralName":"roles","displayName":"Role"},"options":{},"pluginOptions":{"content-manager":{"visible":false},"content-type-builder":{"visible":false}},"attributes":{"name":{"type":"string","minLength":1,"unique":true,"configurable":false,"required":true},"code":{"type":"string","minLength":1,"unique":true,"configurable":false,"required":true},"description":{"type":"string","configurable":false},"users":{"configurable":false,"type":"relation","relation":"manyToMany","mappedBy":"roles","target":"admin::user"},"permissions":{"configurable":false,"type":"relation","relation":"oneToMany","mappedBy":"role","target":"admin::permission"},"createdAt":{"type":"datetime"},"updatedAt":{"type":"datetime"},"createdBy":{"type":"relation","relation":"oneToOne","target":"admin::user","configurable":false,"writable":false,"visible":false,"useJoinTable":false,"private":true},"updatedBy":{"type":"relation","relation":"oneToOne","target":"admin::user","configurable":false,"writable":false,"visible":false,"useJoinTable":false,"private":true}},"kind":"collectionType","__schema__":{"collectionName":"admin_roles","info":{"name":"Role","description":"","singularName":"role","pluralName":"roles","displayName":"Role"},"options":{},"pluginOptions":{"content-manager":{"visible":false},"content-type-builder":{"visible":false}},"attributes":{"name":{"type":"string","minLength":1,"unique":true,"configurable":false,"required":true},"code":{"type":"string","minLength":1,"unique":true,"configurable":false,"required":true},"description":{"type":"string","configurable":false},"users":{"configurable":false,"type":"relation","relation":"manyToMany","mappedBy":"roles","target":"admin::user"},"permissions":{"configurable":false,"type":"relation","relation":"oneToMany","mappedBy":"role","target":"admin::permission"}},"kind":"collectionType"},"modelType":"contentType","modelName":"role","connection":"default","uid":"admin::role","plugin":"admin","globalId":"AdminRole"},"admin::api-token":{"collectionName":"strapi_api_tokens","info":{"name":"Api Token","singularName":"api-token","pluralName":"api-tokens","displayName":"Api Token","description":""},"options":{},"pluginOptions":{"content-manager":{"visible":false},"content-type-builder":{"visible":false}},"attributes":{"name":{"type":"string","minLength":1,"configurable":false,"required":true},"description":{"type":"string","minLength":1,"configurable":false,"required":false,"default":""},"type":{"type":"enumeration","enum":["read-only","full-access"],"configurable":false,"required":false,"default":"read-only"},"accessKey":{"type":"string","minLength":1,"configurable":false,"required":true},"createdAt":{"type":"datetime"},"updatedAt":{"type":"datetime"},"createdBy":{"type":"relation","relation":"oneToOne","target":"admin::user","configurable":false,"writable":false,"visible":false,"useJoinTable":false,"private":true},"updatedBy":{"type":"relation","relation":"oneToOne","target":"admin::user","configurable":false,"writable":false,"visible":false,"useJoinTable":false,"private":true}},"kind":"collectionType","__schema__":{"collectionName":"strapi_api_tokens","info":{"name":"Api Token","singularName":"api-token","pluralName":"api-tokens","displayName":"Api Token","description":""},"options":{},"pluginOptions":{"content-manager":{"visible":false},"content-type-builder":{"visible":false}},"attributes":{"name":{"type":"string","minLength":1,"configurable":false,"required":true},"description":{"type":"string","minLength":1,"configurable":false,"required":false,"default":""},"type":{"type":"enumeration","enum":["read-only","full-access"],"configurable":false,"required":false,"default":"read-only"},"accessKey":{"type":"string","minLength":1,"configurable":false,"required":true}},"kind":"collectionType"},"modelType":"contentType","modelName":"api-token","connection":"default","uid":"admin::api-token","plugin":"admin","globalId":"AdminApiToken"},"api::dish.dish":{"kind":"collectionType","collectionName":"dishes","info":{"singularName":"dish","pluralName":"dishes","displayName":"Dish","description":""},"options":{"draftAndPublish":true},"pluginOptions":{},"attributes":{"name":{"type":"string"},"description":{"type":"string"},"image":{"type":"media","multiple":true,"required":false,"allowedTypes":["images","files","videos"]},"restaurant":{"type":"relation","relation":"oneToOne","target":"api::restaurant.restaurant"},"cost":{"type":"decimal"},"add":{"type":"json"},"vegetarian":{"type":"boolean"},"vegan":{"type":"boolean"},"gf":{"type":"boolean"},"service":{"type":"enumeration","enum":["breakfast","brunch","lunch","dinner"]},"course":{"type":"enumeration","enum":["appetizer","soup","salad","sandwich","main","dessert","side"]},"createdAt":{"type":"datetime"},"updatedAt":{"type":"datetime"},"publishedAt":{"type":"datetime","configurable":false,"writable":true,"visible":false},"createdBy":{"type":"relation","relation":"oneToOne","target":"admin::user","configurable":false,"writable":false,"visible":false,"useJoinTable":false,"private":true},"updatedBy":{"type":"relation","relation":"oneToOne","target":"admin::user","configurable":false,"writable":false,"visible":false,"useJoinTable":false,"private":true}},"__schema__":{"collectionName":"dishes","info":{"singularName":"dish","pluralName":"dishes","displayName":"Dish","description":""},"options":{"draftAndPublish":true},"pluginOptions":{},"attributes":{"name":{"type":"string"},"description":{"type":"string"},"image":{"type":"media","multiple":true,"required":false,"allowedTypes":["images","files","videos"]},"restaurant":{"type":"relation","relation":"oneToOne","target":"api::restaurant.restaurant"},"cost":{"type":"decimal"},"add":{"type":"json"},"vegetarian":{"type":"boolean"},"vegan":{"type":"boolean"},"gf":{"type":"boolean"},"service":{"type":"enumeration","enum":["breakfast","brunch","lunch","dinner"]},"course":{"type":"enumeration","enum":["appetizer","soup","salad","sandwich","main","dessert","side"]}},"kind":"collectionType"},"modelType":"contentType","modelName":"dish","connection":"default","uid":"api::dish.dish","apiName":"dish","globalId":"Dish","actions":{},"lifecycles":{}},"api::order.order":{"kind":"collectionType","collectionName":"orders","info":{"singularName":"order","pluralName":"orders","displayName":"Order","description":""},"options":{"draftAndPublish":true},"pluginOptions":{},"attributes":{"Amount":{"type":"decimal"},"Address":{"type":"string"},"City":{"type":"string"},"State":{"type":"string"},"token":{"type":"string"},"Dishes":{"type":"json"},"createdAt":{"type":"datetime"},"updatedAt":{"type":"datetime"},"publishedAt":{"type":"datetime","configurable":false,"writable":true,"visible":false},"createdBy":{"type":"relation","relation":"oneToOne","target":"admin::user","configurable":false,"writable":false,"visible":false,"useJoinTable":false,"private":true},"updatedBy":{"type":"relation","relation":"oneToOne","target":"admin::user","configurable":false,"writable":false,"visible":false,"useJoinTable":false,"private":true}},"__schema__":{"collectionName":"orders","info":{"singularName":"order","pluralName":"orders","displayName":"Order","description":""},"options":{"draftAndPublish":true},"pluginOptions":{},"attributes":{"Amount":{"type":"decimal"},"Address":{"type":"string"},"City":{"type":"string"},"State":{"type":"string"},"token":{"type":"string"},"Dishes":{"type":"json"}},"kind":"collectionType"},"modelType":"contentType","modelName":"order","connection":"default","uid":"api::order.order","apiName":"order","globalId":"Order","actions":{},"lifecycles":{}},"api::restaurant.restaurant":{"kind":"collectionType","collectionName":"restaurants","info":{"singularName":"restaurant","pluralName":"restaurants","displayName":"restaurant","description":""},"options":{"draftAndPublish":true},"pluginOptions":{},"attributes":{"name":{"type":"string"},"address":{"type":"string"},"image":{"type":"media","multiple":false,"required":false,"allowedTypes":["images","files","videos"]},"city":{"type":"string"},"state":{"type":"string"},"Link":{"type":"string"},"createdAt":{"type":"datetime"},"updatedAt":{"type":"datetime"},"publishedAt":{"type":"datetime","configurable":false,"writable":true,"visible":false},"createdBy":{"type":"relation","relation":"oneToOne","target":"admin::user","configurable":false,"writable":false,"visible":false,"useJoinTable":false,"private":true},"updatedBy":{"type":"relation","relation":"oneToOne","target":"admin::user","configurable":false,"writable":false,"visible":false,"useJoinTable":false,"private":true}},"__schema__":{"collectionName":"restaurants","info":{"singularName":"restaurant","pluralName":"restaurants","displayName":"restaurant","description":""},"options":{"draftAndPublish":true},"pluginOptions":{},"attributes":{"name":{"type":"string"},"address":{"type":"string"},"image":{"type":"media","multiple":false,"required":false,"allowedTypes":["images","files","videos"]},"city":{"type":"string"},"state":{"type":"string"},"Link":{"type":"string"}},"kind":"collectionType"},"modelType":"contentType","modelName":"restaurant","connection":"default","uid":"api::restaurant.restaurant","apiName":"restaurant","globalId":"Restaurant","actions":{},"lifecycles":{}},"plugin::upload.file":{"collectionName":"files","info":{"singularName":"file","pluralName":"files","displayName":"File","description":""},"options":{},"pluginOptions":{"content-manager":{"visible":false},"content-type-builder":{"visible":false}},"attributes":{"name":{"type":"string","configurable":false,"required":true},"alternativeText":{"type":"string","configurable":false},"caption":{"type":"string","configurable":false},"width":{"type":"integer","configurable":false},"height":{"type":"integer","configurable":false},"formats":{"type":"json","configurable":false},"hash":{"type":"string","configurable":false,"required":true},"ext":{"type":"string","configurable":false},"mime":{"type":"string","configurable":false,"required":true},"size":{"type":"decimal","configurable":false,"required":true},"url":{"type":"string","configurable":false,"required":true},"previewUrl":{"type":"string","configurable":false},"provider":{"type":"string","configurable":false,"required":true},"provider_metadata":{"type":"json","configurable":false},"related":{"type":"relation","relation":"morphToMany","configurable":false},"createdAt":{"type":"datetime"},"updatedAt":{"type":"datetime"},"createdBy":{"type":"relation","relation":"oneToOne","target":"admin::user","configurable":false,"writable":false,"visible":false,"useJoinTable":false,"private":true},"updatedBy":{"type":"relation","relation":"oneToOne","target":"admin::user","configurable":false,"writable":false,"visible":false,"useJoinTable":false,"private":true}},"kind":"collectionType","__schema__":{"collectionName":"files","info":{"singularName":"file","pluralName":"files","displayName":"File","description":""},"options":{},"pluginOptions":{"content-manager":{"visible":false},"content-type-builder":{"visible":false}},"attributes":{"name":{"type":"string","configurable":false,"required":true},"alternativeText":{"type":"string","configurable":false},"caption":{"type":"string","configurable":false},"width":{"type":"integer","configurable":false},"height":{"type":"integer","configurable":false},"formats":{"type":"json","configurable":false},"hash":{"type":"string","configurable":false,"required":true},"ext":{"type":"string","configurable":false},"mime":{"type":"string","configurable":false,"required":true},"size":{"type":"decimal","configurable":false,"required":true},"url":{"type":"string","configurable":false,"required":true},"previewUrl":{"type":"string","configurable":false},"provider":{"type":"string","configurable":false,"required":true},"provider_metadata":{"type":"json","configurable":false},"related":{"type":"relation","relation":"morphToMany","configurable":false}},"kind":"collectionType"},"modelType":"contentType","modelName":"file","connection":"default","uid":"plugin::upload.file","plugin":"upload","globalId":"UploadFile"},"plugin::i18n.locale":{"info":{"singularName":"locale","pluralName":"locales","collectionName":"locales","displayName":"Locale","description":""},"options":{"draftAndPublish":false},"pluginOptions":{"content-manager":{"visible":false},"content-type-builder":{"visible":false}},"attributes":{"name":{"type":"string","min":1,"max":50,"configurable":false},"code":{"type":"string","unique":true,"configurable":false},"createdAt":{"type":"datetime"},"updatedAt":{"type":"datetime"},"createdBy":{"type":"relation","relation":"oneToOne","target":"admin::user","configurable":false,"writable":false,"visible":false,"useJoinTable":false,"private":true},"updatedBy":{"type":"relation","relation":"oneToOne","target":"admin::user","configurable":false,"writable":false,"visible":false,"useJoinTable":false,"private":true}},"kind":"collectionType","__schema__":{"info":{"singularName":"locale","pluralName":"locales","collectionName":"locales","displayName":"Locale","description":""},"options":{"draftAndPublish":false},"pluginOptions":{"content-manager":{"visible":false},"content-type-builder":{"visible":false}},"attributes":{"name":{"type":"string","min":1,"max":50,"configurable":false},"code":{"type":"string","unique":true,"configurable":false}},"kind":"collectionType"},"modelType":"contentType","modelName":"locale","connection":"default","uid":"plugin::i18n.locale","plugin":"i18n","collectionName":"i18n_locale","globalId":"I18NLocale"},"plugin::users-permissions.permission":{"collectionName":"up_permissions","info":{"name":"permission","description":"","singularName":"permission","pluralName":"permissions","displayName":"Permission"},"pluginOptions":{"content-manager":{"visible":false},"content-type-builder":{"visible":false}},"attributes":{"action":{"type":"string","required":true,"configurable":false},"role":{"type":"relation","relation":"manyToOne","target":"plugin::users-permissions.role","inversedBy":"permissions","configurable":false},"createdAt":{"type":"datetime"},"updatedAt":{"type":"datetime"},"createdBy":{"type":"relation","relation":"oneToOne","target":"admin::user","configurable":false,"writable":false,"visible":false,"useJoinTable":false,"private":true},"updatedBy":{"type":"relation","relation":"oneToOne","target":"admin::user","configurable":false,"writable":false,"visible":false,"useJoinTable":false,"private":true}},"kind":"collectionType","__schema__":{"collectionName":"up_permissions","info":{"name":"permission","description":"","singularName":"permission","pluralName":"permissions","displayName":"Permission"},"pluginOptions":{"content-manager":{"visible":false},"content-type-builder":{"visible":false}},"attributes":{"action":{"type":"string","required":true,"configurable":false},"role":{"type":"relation","relation":"manyToOne","target":"plugin::users-permissions.role","inversedBy":"permissions","configurable":false}},"kind":"collectionType"},"modelType":"contentType","modelName":"permission","connection":"default","uid":"plugin::users-permissions.permission","plugin":"users-permissions","globalId":"UsersPermissionsPermission"},"plugin::users-permissions.role":{"collectionName":"up_roles","info":{"name":"role","description":"","singularName":"role","pluralName":"roles","displayName":"Role"},"pluginOptions":{"content-manager":{"visible":false},"content-type-builder":{"visible":false}},"attributes":{"name":{"type":"string","minLength":3,"required":true,"configurable":false},"description":{"type":"string","configurable":false},"type":{"type":"string","unique":true,"configurable":false},"permissions":{"type":"relation","relation":"oneToMany","target":"plugin::users-permissions.permission","mappedBy":"role","configurable":false},"users":{"type":"relation","relation":"oneToMany","target":"plugin::users-permissions.user","mappedBy":"role","configurable":false},"createdAt":{"type":"datetime"},"updatedAt":{"type":"datetime"},"createdBy":{"type":"relation","relation":"oneToOne","target":"admin::user","configurable":false,"writable":false,"visible":false,"useJoinTable":false,"private":true},"updatedBy":{"type":"relation","relation":"oneToOne","target":"admin::user","configurable":false,"writable":false,"visible":false,"useJoinTable":false,"private":true}},"kind":"collectionType","__schema__":{"collectionName":"up_roles","info":{"name":"role","description":"","singularName":"role","pluralName":"roles","displayName":"Role"},"pluginOptions":{"content-manager":{"visible":false},"content-type-builder":{"visible":false}},"attributes":{"name":{"type":"string","minLength":3,"required":true,"configurable":false},"description":{"type":"string","configurable":false},"type":{"type":"string","unique":true,"configurable":false},"permissions":{"type":"relation","relation":"oneToMany","target":"plugin::users-permissions.permission","mappedBy":"role","configurable":false},"users":{"type":"relation","relation":"oneToMany","target":"plugin::users-permissions.user","mappedBy":"role","configurable":false}},"kind":"collectionType"},"modelType":"contentType","modelName":"role","connection":"default","uid":"plugin::users-permissions.role","plugin":"users-permissions","globalId":"UsersPermissionsRole"},"plugin::users-permissions.user":{"collectionName":"up_users","info":{"name":"user","description":"","singularName":"user","pluralName":"users","displayName":"User"},"options":{"draftAndPublish":false,"timestamps":true},"attributes":{"username":{"type":"string","minLength":3,"unique":true,"configurable":false,"required":true},"email":{"type":"email","minLength":6,"configurable":false,"required":true},"provider":{"type":"string","configurable":false},"password":{"type":"password","minLength":6,"configurable":false,"private":true},"resetPasswordToken":{"type":"string","configurable":false,"private":true},"confirmationToken":{"type":"string","configurable":false,"private":true},"confirmed":{"type":"boolean","default":false,"configurable":false},"blocked":{"type":"boolean","default":false,"configurable":false},"role":{"type":"relation","relation":"manyToOne","target":"plugin::users-permissions.role","inversedBy":"users","configurable":false},"firstname":{"type":"string"},"lastname":{"type":"string"},"createdAt":{"type":"datetime"},"updatedAt":{"type":"datetime"},"createdBy":{"type":"relation","relation":"oneToOne","target":"admin::user","configurable":false,"writable":false,"visible":false,"useJoinTable":false,"private":true},"updatedBy":{"type":"relation","relation":"oneToOne","target":"admin::user","configurable":false,"writable":false,"visible":false,"useJoinTable":false,"private":true}},"config":{"attributes":{"resetPasswordToken":{"hidden":true},"confirmationToken":{"hidden":true},"provider":{"hidden":true}}},"kind":"collectionType","__filename__":"schema.json","__schema__":{"collectionName":"up_users","info":{"name":"user","description":"","singularName":"user","pluralName":"users","displayName":"User"},"options":{"draftAndPublish":false,"timestamps":true},"attributes":{"username":{"type":"string","minLength":3,"unique":true,"configurable":false,"required":true},"email":{"type":"email","minLength":6,"configurable":false,"required":true},"provider":{"type":"string","configurable":false},"password":{"type":"password","minLength":6,"configurable":false,"private":true},"resetPasswordToken":{"type":"string","configurable":false,"private":true},"confirmationToken":{"type":"string","configurable":false,"private":true},"confirmed":{"type":"boolean","default":false,"configurable":false},"blocked":{"type":"boolean","default":false,"configurable":false},"role":{"type":"relation","relation":"manyToOne","target":"plugin::users-permissions.role","inversedBy":"users","configurable":false},"firstname":{"type":"string"},"lastname":{"type":"string"}},"kind":"collectionType"},"modelType":"contentType","modelName":"user","connection":"default","uid":"plugin::users-permissions.user","plugin":"users-permissions","globalId":"UsersPermissionsUser"}}','object',NULL,NULL);
INSERT INTO strapi_core_store_settings VALUES(2,'plugin_content_manager_configuration_content_types::admin::permission','{"uid":"admin::permission","settings":{"bulkable":true,"filterable":true,"searchable":true,"pageSize":10,"mainField":"action","defaultSortBy":"action","defaultSortOrder":"ASC"},"metadatas":{"id":{"edit":{},"list":{"label":"Id","searchable":true,"sortable":true}},"action":{"edit":{"label":"Action","description":"","placeholder":"","visible":true,"editable":true},"list":{"label":"Action","searchable":true,"sortable":true}},"subject":{"edit":{"label":"Subject","description":"","placeholder":"","visible":true,"editable":true},"list":{"label":"Subject","searchable":true,"sortable":true}},"properties":{"edit":{"label":"Properties","description":"","placeholder":"","visible":true,"editable":true},"list":{"label":"Properties","searchable":false,"sortable":false}},"conditions":{"edit":{"label":"Conditions","description":"","placeholder":"","visible":true,"editable":true},"list":{"label":"Conditions","searchable":false,"sortable":false}},"role":{"edit":{"label":"Role","description":"","placeholder":"","visible":true,"editable":true,"mainField":"name"},"list":{"label":"Role","searchable":true,"sortable":true}},"createdAt":{"edit":{"label":"CreatedAt","description":"","placeholder":"","visible":false,"editable":true},"list":{"label":"CreatedAt","searchable":true,"sortable":true}},"updatedAt":{"edit":{"label":"UpdatedAt","description":"","placeholder":"","visible":false,"editable":true},"list":{"label":"UpdatedAt","searchable":true,"sortable":true}}},"layouts":{"list":["id","action","subject","role"],"editRelations":["role"],"edit":[[{"name":"action","size":6},{"name":"subject","size":6}],[{"name":"properties","size":12}],[{"name":"conditions","size":12}]]}}','object',NULL,NULL);
INSERT INTO strapi_core_store_settings VALUES(3,'plugin_content_manager_configuration_content_types::admin::user','{"uid":"admin::user","settings":{"bulkable":true,"filterable":true,"searchable":true,"pageSize":10,"mainField":"firstname","defaultSortBy":"firstname","defaultSortOrder":"ASC"},"metadatas":{"id":{"edit":{},"list":{"label":"Id","searchable":true,"sortable":true}},"firstname":{"edit":{"label":"Firstname","description":"","placeholder":"","visible":true,"editable":true},"list":{"label":"Firstname","searchable":true,"sortable":true}},"lastname":{"edit":{"label":"Lastname","description":"","placeholder":"","visible":true,"editable":true},"list":{"label":"Lastname","searchable":true,"sortable":true}},"username":{"edit":{"label":"Username","description":"","placeholder":"","visible":true,"editable":true},"list":{"label":"Username","searchable":true,"sortable":true}},"email":{"edit":{"label":"Email","description":"","placeholder":"","visible":true,"editable":true},"list":{"label":"Email","searchable":true,"sortable":true}},"password":{"edit":{"label":"Password","description":"","placeholder":"","visible":true,"editable":true},"list":{"label":"Password","searchable":true,"sortable":true}},"resetPasswordToken":{"edit":{"label":"ResetPasswordToken","description":"","placeholder":"","visible":true,"editable":true},"list":{"label":"ResetPasswordToken","searchable":true,"sortable":true}},"registrationToken":{"edit":{"label":"RegistrationToken","description":"","placeholder":"","visible":true,"editable":true},"list":{"label":"RegistrationToken","searchable":true,"sortable":true}},"isActive":{"edit":{"label":"IsActive","description":"","placeholder":"","visible":true,"editable":true},"list":{"label":"IsActive","searchable":true,"sortable":true}},"roles":{"edit":{"label":"Roles","description":"","placeholder":"","visible":true,"editable":true,"mainField":"name"},"list":{"label":"Roles","searchable":false,"sortable":false}},"blocked":{"edit":{"label":"Blocked","description":"","placeholder":"","visible":true,"editable":true},"list":{"label":"Blocked","searchable":true,"sortable":true}},"preferedLanguage":{"edit":{"label":"PreferedLanguage","description":"","placeholder":"","visible":true,"editable":true},"list":{"label":"PreferedLanguage","searchable":true,"sortable":true}},"createdAt":{"edit":{"label":"CreatedAt","description":"","placeholder":"","visible":false,"editable":true},"list":{"label":"CreatedAt","searchable":true,"sortable":true}},"updatedAt":{"edit":{"label":"UpdatedAt","description":"","placeholder":"","visible":false,"editable":true},"list":{"label":"UpdatedAt","searchable":true,"sortable":true}}},"layouts":{"list":["id","firstname","lastname","username"],"editRelations":["roles"],"edit":[[{"name":"firstname","size":6},{"name":"lastname","size":6}],[{"name":"username","size":6},{"name":"email","size":6}],[{"name":"password","size":6},{"name":"resetPasswordToken","size":6}],[{"name":"registrationToken","size":6},{"name":"isActive","size":4}],[{"name":"blocked","size":4},{"name":"preferedLanguage","size":6}]]}}','object',NULL,NULL);
INSERT INTO strapi_core_store_settings VALUES(4,'plugin_content_manager_configuration_content_types::admin::role','{"uid":"admin::role","settings":{"bulkable":true,"filterable":true,"searchable":true,"pageSize":10,"mainField":"name","defaultSortBy":"name","defaultSortOrder":"ASC"},"metadatas":{"id":{"edit":{},"list":{"label":"Id","searchable":true,"sortable":true}},"name":{"edit":{"label":"Name","description":"","placeholder":"","visible":true,"editable":true},"list":{"label":"Name","searchable":true,"sortable":true}},"code":{"edit":{"label":"Code","description":"","placeholder":"","visible":true,"editable":true},"list":{"label":"Code","searchable":true,"sortable":true}},"description":{"edit":{"label":"Description","description":"","placeholder":"","visible":true,"editable":true},"list":{"label":"Description","searchable":true,"sortable":true}},"users":{"edit":{"label":"Users","description":"","placeholder":"","visible":true,"editable":true,"mainField":"firstname"},"list":{"label":"Users","searchable":false,"sortable":false}},"permissions":{"edit":{"label":"Permissions","description":"","placeholder":"","visible":true,"editable":true,"mainField":"action"},"list":{"label":"Permissions","searchable":false,"sortable":false}},"createdAt":{"edit":{"label":"CreatedAt","description":"","placeholder":"","visible":false,"editable":true},"list":{"label":"CreatedAt","searchable":true,"sortable":true}},"updatedAt":{"edit":{"label":"UpdatedAt","description":"","placeholder":"","visible":false,"editable":true},"list":{"label":"UpdatedAt","searchable":true,"sortable":true}}},"layouts":{"list":["id","name","code","description"],"editRelations":["users","permissions"],"edit":[[{"name":"name","size":6},{"name":"code","size":6}],[{"name":"description","size":6}]]}}','object',NULL,NULL);
INSERT INTO strapi_core_store_settings VALUES(5,'plugin_content_manager_configuration_content_types::admin::api-token','{"uid":"admin::api-token","settings":{"bulkable":true,"filterable":true,"searchable":true,"pageSize":10,"mainField":"name","defaultSortBy":"name","defaultSortOrder":"ASC"},"metadatas":{"id":{"edit":{},"list":{"label":"Id","searchable":true,"sortable":true}},"name":{"edit":{"label":"Name","description":"","placeholder":"","visible":true,"editable":true},"list":{"label":"Name","searchable":true,"sortable":true}},"description":{"edit":{"label":"Description","description":"","placeholder":"","visible":true,"editable":true},"list":{"label":"Description","searchable":true,"sortable":true}},"type":{"edit":{"label":"Type","description":"","placeholder":"","visible":true,"editable":true},"list":{"label":"Type","searchable":true,"sortable":true}},"accessKey":{"edit":{"label":"AccessKey","description":"","placeholder":"","visible":true,"editable":true},"list":{"label":"AccessKey","searchable":true,"sortable":true}},"createdAt":{"edit":{"label":"CreatedAt","description":"","placeholder":"","visible":false,"editable":true},"list":{"label":"CreatedAt","searchable":true,"sortable":true}},"updatedAt":{"edit":{"label":"UpdatedAt","description":"","placeholder":"","visible":false,"editable":true},"list":{"label":"UpdatedAt","searchable":true,"sortable":true}}},"layouts":{"list":["id","name","description","type"],"editRelations":[],"edit":[[{"name":"name","size":6},{"name":"description","size":6}],[{"name":"type","size":6},{"name":"accessKey","size":6}]]}}','object',NULL,NULL);
INSERT INTO strapi_core_store_settings VALUES(6,'plugin_content_manager_configuration_content_types::plugin::upload.file','{"uid":"plugin::upload.file","settings":{"bulkable":true,"filterable":true,"searchable":true,"pageSize":10,"mainField":"name","defaultSortBy":"name","defaultSortOrder":"ASC"},"metadatas":{"id":{"edit":{},"list":{"label":"Id","searchable":true,"sortable":true}},"name":{"edit":{"label":"Name","description":"","placeholder":"","visible":true,"editable":true},"list":{"label":"Name","searchable":true,"sortable":true}},"alternativeText":{"edit":{"label":"AlternativeText","description":"","placeholder":"","visible":true,"editable":true},"list":{"label":"AlternativeText","searchable":true,"sortable":true}},"caption":{"edit":{"label":"Caption","description":"","placeholder":"","visible":true,"editable":true},"list":{"label":"Caption","searchable":true,"sortable":true}},"width":{"edit":{"label":"Width","description":"","placeholder":"","visible":true,"editable":true},"list":{"label":"Width","searchable":true,"sortable":true}},"height":{"edit":{"label":"Height","description":"","placeholder":"","visible":true,"editable":true},"list":{"label":"Height","searchable":true,"sortable":true}},"formats":{"edit":{"label":"Formats","description":"","placeholder":"","visible":true,"editable":true},"list":{"label":"Formats","searchable":false,"sortable":false}},"hash":{"edit":{"label":"Hash","description":"","placeholder":"","visible":true,"editable":true},"list":{"label":"Hash","searchable":true,"sortable":true}},"ext":{"edit":{"label":"Ext","description":"","placeholder":"","visible":true,"editable":true},"list":{"label":"Ext","searchable":true,"sortable":true}},"mime":{"edit":{"label":"Mime","description":"","placeholder":"","visible":true,"editable":true},"list":{"label":"Mime","searchable":true,"sortable":true}},"size":{"edit":{"label":"Size","description":"","placeholder":"","visible":true,"editable":true},"list":{"label":"Size","searchable":true,"sortable":true}},"url":{"edit":{"label":"Url","description":"","placeholder":"","visible":true,"editable":true},"list":{"label":"Url","searchable":true,"sortable":true}},"previewUrl":{"edit":{"label":"PreviewUrl","description":"","placeholder":"","visible":true,"editable":true},"list":{"label":"PreviewUrl","searchable":true,"sortable":true}},"provider":{"edit":{"label":"Provider","description":"","placeholder":"","visible":true,"editable":true},"list":{"label":"Provider","searchable":true,"sortable":true}},"provider_metadata":{"edit":{"label":"Provider_metadata","description":"","placeholder":"","visible":true,"editable":true},"list":{"label":"Provider_metadata","searchable":false,"sortable":false}},"createdAt":{"edit":{"label":"CreatedAt","description":"","placeholder":"","visible":false,"editable":true},"list":{"label":"CreatedAt","searchable":true,"sortable":true}},"updatedAt":{"edit":{"label":"UpdatedAt","description":"","placeholder":"","visible":false,"editable":true},"list":{"label":"UpdatedAt","searchable":true,"sortable":true}}},"layouts":{"list":["id","name","alternativeText","caption"],"editRelations":[],"edit":[[{"name":"name","size":6},{"name":"alternativeText","size":6}],[{"name":"caption","size":6},{"name":"width","size":4}],[{"name":"height","size":4}],[{"name":"formats","size":12}],[{"name":"hash","size":6},{"name":"ext","size":6}],[{"name":"mime","size":6},{"name":"size","size":4}],[{"name":"url","size":6},{"name":"previewUrl","size":6}],[{"name":"provider","size":6}],[{"name":"provider_metadata","size":12}]]}}','object',NULL,NULL);
INSERT INTO strapi_core_store_settings VALUES(7,'plugin_content_manager_configuration_content_types::plugin::users-permissions.permission','{"uid":"plugin::users-permissions.permission","settings":{"bulkable":true,"filterable":true,"searchable":true,"pageSize":10,"mainField":"action","defaultSortBy":"action","defaultSortOrder":"ASC"},"metadatas":{"id":{"edit":{},"list":{"label":"Id","searchable":true,"sortable":true}},"action":{"edit":{"label":"Action","description":"","placeholder":"","visible":true,"editable":true},"list":{"label":"Action","searchable":true,"sortable":true}},"role":{"edit":{"label":"Role","description":"","placeholder":"","visible":true,"editable":true,"mainField":"name"},"list":{"label":"Role","searchable":true,"sortable":true}},"createdAt":{"edit":{"label":"CreatedAt","description":"","placeholder":"","visible":false,"editable":true},"list":{"label":"CreatedAt","searchable":true,"sortable":true}},"updatedAt":{"edit":{"label":"UpdatedAt","description":"","placeholder":"","visible":false,"editable":true},"list":{"label":"UpdatedAt","searchable":true,"sortable":true}}},"layouts":{"list":["id","action","role","createdAt"],"editRelations":["role"],"edit":[[{"name":"action","size":6}]]}}','object',NULL,NULL);
INSERT INTO strapi_core_store_settings VALUES(8,'plugin_content_manager_configuration_content_types::plugin::users-permissions.role','{"uid":"plugin::users-permissions.role","settings":{"bulkable":true,"filterable":true,"searchable":true,"pageSize":10,"mainField":"name","defaultSortBy":"name","defaultSortOrder":"ASC"},"metadatas":{"id":{"edit":{},"list":{"label":"Id","searchable":true,"sortable":true}},"name":{"edit":{"label":"Name","description":"","placeholder":"","visible":true,"editable":true},"list":{"label":"Name","searchable":true,"sortable":true}},"description":{"edit":{"label":"Description","description":"","placeholder":"","visible":true,"editable":true},"list":{"label":"Description","searchable":true,"sortable":true}},"type":{"edit":{"label":"Type","description":"","placeholder":"","visible":true,"editable":true},"list":{"label":"Type","searchable":true,"sortable":true}},"permissions":{"edit":{"label":"Permissions","description":"","placeholder":"","visible":true,"editable":true,"mainField":"action"},"list":{"label":"Permissions","searchable":false,"sortable":false}},"users":{"edit":{"label":"Users","description":"","placeholder":"","visible":true,"editable":true,"mainField":"username"},"list":{"label":"Users","searchable":false,"sortable":false}},"createdAt":{"edit":{"label":"CreatedAt","description":"","placeholder":"","visible":false,"editable":true},"list":{"label":"CreatedAt","searchable":true,"sortable":true}},"updatedAt":{"edit":{"label":"UpdatedAt","description":"","placeholder":"","visible":false,"editable":true},"list":{"label":"UpdatedAt","searchable":true,"sortable":true}}},"layouts":{"list":["id","name","description","type"],"editRelations":["permissions","users"],"edit":[[{"name":"name","size":6},{"name":"description","size":6}],[{"name":"type","size":6}]]}}','object',NULL,NULL);
INSERT INTO strapi_core_store_settings VALUES(9,'plugin_content_manager_configuration_content_types::plugin::users-permissions.user','{"uid":"plugin::users-permissions.user","settings":{"bulkable":true,"filterable":true,"searchable":true,"pageSize":10,"mainField":"username","defaultSortBy":"username","defaultSortOrder":"ASC"},"metadatas":{"id":{"edit":{},"list":{"label":"Id","searchable":true,"sortable":true}},"username":{"edit":{"label":"Username","description":"","placeholder":"","visible":true,"editable":true},"list":{"label":"Username","searchable":true,"sortable":true}},"email":{"edit":{"label":"Email","description":"","placeholder":"","visible":true,"editable":true},"list":{"label":"Email","searchable":true,"sortable":true}},"provider":{"edit":{"label":"Provider","description":"","placeholder":"","visible":false,"editable":true},"list":{"label":"Provider","searchable":true,"sortable":true}},"password":{"edit":{"label":"Password","description":"","placeholder":"","visible":true,"editable":true},"list":{"label":"Password","searchable":true,"sortable":true}},"resetPasswordToken":{"edit":{"label":"ResetPasswordToken","description":"","placeholder":"","visible":false,"editable":true},"list":{"label":"ResetPasswordToken","searchable":true,"sortable":true}},"confirmationToken":{"edit":{"label":"ConfirmationToken","description":"","placeholder":"","visible":false,"editable":true},"list":{"label":"ConfirmationToken","searchable":true,"sortable":true}},"confirmed":{"edit":{"label":"Confirmed","description":"","placeholder":"","visible":true,"editable":true},"list":{"label":"Confirmed","searchable":true,"sortable":true}},"blocked":{"edit":{"label":"Blocked","description":"","placeholder":"","visible":true,"editable":true},"list":{"label":"Blocked","searchable":true,"sortable":true}},"role":{"edit":{"label":"Role","description":"","placeholder":"","visible":true,"editable":true,"mainField":"name"},"list":{"label":"Role","searchable":true,"sortable":true}},"firstname":{"edit":{"label":"Firstname","description":"","placeholder":"","visible":true,"editable":true},"list":{"label":"Firstname","searchable":true,"sortable":true}},"lastname":{"edit":{"label":"Lastname","description":"","placeholder":"","visible":true,"editable":true},"list":{"label":"Lastname","searchable":true,"sortable":true}},"createdAt":{"edit":{"label":"CreatedAt","description":"","placeholder":"","visible":false,"editable":true},"list":{"label":"CreatedAt","searchable":true,"sortable":true}},"updatedAt":{"edit":{"label":"UpdatedAt","description":"","placeholder":"","visible":false,"editable":true},"list":{"label":"UpdatedAt","searchable":true,"sortable":true}}},"layouts":{"list":["id","username","email","confirmed"],"edit":[[{"name":"username","size":6},{"name":"email","size":6}],[{"name":"password","size":6},{"name":"confirmed","size":4}],[{"name":"blocked","size":4},{"name":"firstname","size":6}],[{"name":"lastname","size":6}]],"editRelations":["role"]}}','object',NULL,NULL);
INSERT INTO strapi_core_store_settings VALUES(10,'plugin_content_manager_configuration_content_types::plugin::i18n.locale','{"uid":"plugin::i18n.locale","settings":{"bulkable":true,"filterable":true,"searchable":true,"pageSize":10,"mainField":"name","defaultSortBy":"name","defaultSortOrder":"ASC"},"metadatas":{"id":{"edit":{},"list":{"label":"Id","searchable":true,"sortable":true}},"name":{"edit":{"label":"Name","description":"","placeholder":"","visible":true,"editable":true},"list":{"label":"Name","searchable":true,"sortable":true}},"code":{"edit":{"label":"Code","description":"","placeholder":"","visible":true,"editable":true},"list":{"label":"Code","searchable":true,"sortable":true}},"createdAt":{"edit":{"label":"CreatedAt","description":"","placeholder":"","visible":false,"editable":true},"list":{"label":"CreatedAt","searchable":true,"sortable":true}},"updatedAt":{"edit":{"label":"UpdatedAt","description":"","placeholder":"","visible":false,"editable":true},"list":{"label":"UpdatedAt","searchable":true,"sortable":true}}},"layouts":{"list":["id","name","code","createdAt"],"editRelations":[],"edit":[[{"name":"name","size":6},{"name":"code","size":6}]]}}','object',NULL,NULL);
INSERT INTO strapi_core_store_settings VALUES(11,'plugin_upload_settings','{"sizeOptimization":true,"responsiveDimensions":true,"autoOrientation":false}','object',NULL,NULL);
INSERT INTO strapi_core_store_settings VALUES(12,'plugin_users-permissions_grant','{"email":{"enabled":true,"icon":"envelope"},"discord":{"enabled":false,"icon":"discord","key":"","secret":"","callback":"//api/auth/discord/callback","scope":["identify","email"],"redirectUri":"http://localhost:1337/api/connect/discord/callback"},"facebook":{"enabled":false,"icon":"facebook-square","key":"","secret":"","callback":"//api/auth/facebook/callback","scope":["email"],"redirectUri":"http://localhost:1337/api/connect/facebook/callback"},"google":{"enabled":false,"icon":"google","key":"","secret":"","callback":"//api/auth/google/callback","scope":["email"],"redirectUri":"http://localhost:1337/api/connect/google/callback"},"github":{"enabled":false,"icon":"github","key":"","secret":"","callback":"//api/auth/github/callback","scope":["user","user:email"],"redirectUri":"http://localhost:1337/api/connect/github/callback"},"microsoft":{"enabled":false,"icon":"windows","key":"","secret":"","callback":"//api/auth/microsoft/callback","scope":["user.read"],"redirectUri":"http://localhost:1337/api/connect/microsoft/callback"},"twitter":{"enabled":false,"icon":"twitter","key":"","secret":"","callback":"//api/auth/twitter/callback","redirectUri":"http://localhost:1337/api/connect/twitter/callback"},"instagram":{"enabled":false,"icon":"instagram","key":"","secret":"","callback":"//api/auth/instagram/callback","scope":["user_profile"],"redirectUri":"http://localhost:1337/api/connect/instagram/callback"},"vk":{"enabled":false,"icon":"vk","key":"","secret":"","callback":"//api/auth/vk/callback","scope":["email"],"redirectUri":"http://localhost:1337/api/connect/vk/callback"},"twitch":{"enabled":false,"icon":"twitch","key":"","secret":"","callback":"//api/auth/twitch/callback","scope":["user:read:email"],"redirectUri":"http://localhost:1337/api/connect/twitch/callback"},"linkedin":{"enabled":false,"icon":"linkedin","key":"","secret":"","callback":"//api/auth/linkedin/callback","scope":["r_liteprofile","r_emailaddress"],"redirectUri":"http://localhost:1337/api/connect/linkedin/callback"},"cognito":{"enabled":false,"icon":"aws","key":"","secret":"","subdomain":"my.subdomain.com","callback":"//api/auth/cognito/callback","scope":["email","openid","profile"],"redirectUri":"http://localhost:1337/api/connect/cognito/callback"},"reddit":{"enabled":false,"icon":"reddit","key":"","secret":"","state":true,"callback":"//api/auth/reddit/callback","scope":["identity"],"redirectUri":"http://localhost:1337/api/connect/reddit/callback"},"auth0":{"enabled":true,"icon":"","key":"mosAXIPHorpLylBckpdCVwAmOwOznY7S","secret":"uND6bJ03vCDTF90z1H-uL_Ehn7xMkCKSwgfjdtj8S3bB58lys4SATpV56-6ELtQa","subdomain":"https://dev-7-kf-acw.us.auth0.com","callback":"//api/auth/callback","scope":["openid","email","profile"],"redirectUri":"http://localhost:1337/api/connect/auth0/callback"},"cas":{"enabled":false,"icon":"book","key":"","secret":"","callback":"//api/auth/cas/callback","scope":["openid email"],"subdomain":"my.subdomain.com/cas","redirectUri":"http://localhost:1337/api/connect/cas/callback"}}','object',NULL,NULL);
INSERT INTO strapi_core_store_settings VALUES(13,'plugin_users-permissions_email','{"reset_password":{"display":"Email.template.reset_password","icon":"sync","options":{"from":{"name":"Administration Panel","email":"no-reply@strapi.io"},"response_email":"","object":"Reset password","message":"<p>We heard that you lost your password. Sorry about that!</p>\n\n<p>But dont worry! You can use the following link to reset your password:</p>\n<p><%= URL %>?code=<%= TOKEN %></p>\n\n<p>Thanks.</p>"}},"email_confirmation":{"display":"Email.template.email_confirmation","icon":"check-square","options":{"from":{"name":"Administration Panel","email":"no-reply@strapi.io"},"response_email":"","object":"Account confirmation","message":"<p>Thank you for registering!</p>\n\n<p>You have to confirm your email address. Please click on the link below.</p>\n\n<p><%= URL %>?confirmation=<%= CODE %></p>\n\n<p>Thanks.</p>"}}}','object',NULL,NULL);
INSERT INTO strapi_core_store_settings VALUES(14,'plugin_users-permissions_advanced','{"unique_email":false,"allow_register":true,"email_confirmation":false,"email_reset_password":null,"email_confirmation_redirection":"","default_role":"authenticated"}','object',NULL,NULL);
INSERT INTO strapi_core_store_settings VALUES(15,'plugin_i18n_default_locale','"en"','string',NULL,NULL);
INSERT INTO strapi_core_store_settings VALUES(16,'core_admin_auth','{"providers":{"autoRegister":false,"defaultRole":null}}','object',NULL,NULL);
INSERT INTO strapi_core_store_settings VALUES(17,'plugin_content_manager_configuration_content_types::api::restaurant.restaurant','{"uid":"api::restaurant.restaurant","settings":{"bulkable":true,"filterable":true,"searchable":true,"pageSize":10,"mainField":"name","defaultSortBy":"name","defaultSortOrder":"ASC"},"metadatas":{"id":{"edit":{},"list":{"label":"Id","searchable":true,"sortable":true}},"name":{"edit":{"label":"Name","description":"","placeholder":"","visible":true,"editable":true},"list":{"label":"Name","searchable":true,"sortable":true}},"address":{"edit":{"label":"Address","description":"","placeholder":"","visible":true,"editable":true},"list":{"label":"Address","searchable":true,"sortable":true}},"image":{"edit":{"label":"Image","description":"","placeholder":"","visible":true,"editable":true},"list":{"label":"Image","searchable":false,"sortable":false}},"city":{"edit":{"label":"City","description":"","placeholder":"","visible":true,"editable":true},"list":{"label":"City","searchable":true,"sortable":true}},"state":{"edit":{"label":"State","description":"","placeholder":"","visible":true,"editable":true},"list":{"label":"State","searchable":true,"sortable":true}},"Link":{"edit":{"label":"Link","description":"","placeholder":"","visible":true,"editable":true},"list":{"label":"Link","searchable":true,"sortable":true}},"createdAt":{"edit":{"label":"CreatedAt","description":"","placeholder":"","visible":false,"editable":true},"list":{"label":"CreatedAt","searchable":true,"sortable":true}},"updatedAt":{"edit":{"label":"UpdatedAt","description":"","placeholder":"","visible":false,"editable":true},"list":{"label":"UpdatedAt","searchable":true,"sortable":true}}},"layouts":{"list":["id","name","address","createdAt"],"edit":[[{"name":"name","size":6},{"name":"address","size":6}],[{"name":"image","size":6},{"name":"city","size":6}],[{"name":"state","size":6},{"name":"Link","size":6}]],"editRelations":[]}}','object',NULL,NULL);
INSERT INTO strapi_core_store_settings VALUES(18,'plugin_content_manager_configuration_content_types::api::order.order','{"uid":"api::order.order","settings":{"bulkable":true,"filterable":true,"searchable":true,"pageSize":10,"mainField":"Address","defaultSortBy":"Address","defaultSortOrder":"ASC"},"metadatas":{"id":{"edit":{},"list":{"label":"Id","searchable":true,"sortable":true}},"Amount":{"edit":{"label":"Amount","description":"","placeholder":"","visible":true,"editable":true},"list":{"label":"Amount","searchable":true,"sortable":true}},"Address":{"edit":{"label":"Address","description":"","placeholder":"","visible":true,"editable":true},"list":{"label":"Address","searchable":true,"sortable":true}},"City":{"edit":{"label":"City","description":"","placeholder":"","visible":true,"editable":true},"list":{"label":"City","searchable":true,"sortable":true}},"State":{"edit":{"label":"State","description":"","placeholder":"","visible":true,"editable":true},"list":{"label":"State","searchable":true,"sortable":true}},"token":{"edit":{"label":"Token","description":"","placeholder":"","visible":true,"editable":true},"list":{"label":"Token","searchable":true,"sortable":true}},"Dishes":{"edit":{"label":"Dishes","description":"","placeholder":"","visible":true,"editable":true},"list":{"label":"Dishes","searchable":false,"sortable":false}},"createdAt":{"edit":{"label":"CreatedAt","description":"","placeholder":"","visible":false,"editable":true},"list":{"label":"CreatedAt","searchable":true,"sortable":true}},"updatedAt":{"edit":{"label":"UpdatedAt","description":"","placeholder":"","visible":false,"editable":true},"list":{"label":"UpdatedAt","searchable":true,"sortable":true}}},"layouts":{"list":["id","Amount","Address"],"edit":[[{"name":"Amount","size":4}],[{"name":"Address","size":6},{"name":"City","size":6}],[{"name":"State","size":6},{"name":"token","size":6}],[{"name":"Dishes","size":12}]],"editRelations":[]}}','object',NULL,NULL);
INSERT INTO strapi_core_store_settings VALUES(19,'plugin_content_manager_configuration_content_types::api::dish.dish','{"uid":"api::dish.dish","settings":{"bulkable":true,"filterable":true,"searchable":true,"pageSize":10,"mainField":"name","defaultSortBy":"name","defaultSortOrder":"ASC"},"metadatas":{"id":{"edit":{},"list":{"label":"Id","searchable":true,"sortable":true}},"name":{"edit":{"label":"Name","description":"","placeholder":"","visible":true,"editable":true},"list":{"label":"Name","searchable":true,"sortable":true}},"description":{"edit":{"label":"Description","description":"","placeholder":"","visible":true,"editable":true},"list":{"label":"Description","searchable":true,"sortable":true}},"image":{"edit":{"label":"Image","description":"","placeholder":"","visible":true,"editable":true},"list":{"label":"Image","searchable":false,"sortable":false}},"restaurant":{"edit":{"label":"Restaurant","description":"","placeholder":"","visible":true,"editable":true,"mainField":"name"},"list":{"label":"Restaurant","searchable":true,"sortable":true}},"cost":{"edit":{"label":"Cost","description":"","placeholder":"","visible":true,"editable":true},"list":{"label":"Cost","searchable":true,"sortable":true}},"add":{"edit":{"label":"Add","description":"","placeholder":"","visible":true,"editable":true},"list":{"label":"Add","searchable":false,"sortable":false}},"course":{"edit":{"label":"Course","description":"","placeholder":"","visible":true,"editable":true},"list":{"label":"Course","searchable":true,"sortable":true}},"vegetarian":{"edit":{"label":"Vegetarian","description":"","placeholder":"","visible":true,"editable":true},"list":{"label":"Vegetarian","searchable":true,"sortable":true}},"vegan":{"edit":{"label":"Vegan","description":"","placeholder":"","visible":true,"editable":true},"list":{"label":"Vegan","searchable":true,"sortable":true}},"gf":{"edit":{"label":"Gf","description":"","placeholder":"","visible":true,"editable":true},"list":{"label":"Gf","searchable":true,"sortable":true}},"service":{"edit":{"label":"Service","description":"","placeholder":"","visible":true,"editable":true},"list":{"label":"Service","searchable":true,"sortable":true}},"createdAt":{"edit":{"label":"CreatedAt","description":"","placeholder":"","visible":false,"editable":true},"list":{"label":"CreatedAt","searchable":true,"sortable":true}},"updatedAt":{"edit":{"label":"UpdatedAt","description":"","placeholder":"","visible":false,"editable":true},"list":{"label":"UpdatedAt","searchable":true,"sortable":true}}},"layouts":{"list":["id","name","description","image"],"edit":[[{"name":"name","size":6},{"name":"description","size":6}],[{"name":"image","size":6},{"name":"cost","size":4}],[{"name":"add","size":12}],[{"name":"course","size":6},{"name":"vegetarian","size":4}],[{"name":"vegan","size":4},{"name":"gf","size":4}],[{"name":"service","size":6}]],"editRelations":["restaurant"]}}','object',NULL,NULL);
CREATE TABLE `strapi_webhooks` (`id` integer not null primary key autoincrement, `name` varchar(255) null, `url` text null, `headers` json null, `events` json null, `enabled` boolean null);
CREATE TABLE `admin_permissions` (`id` integer not null primary key autoincrement, `action` varchar(255) null, `subject` varchar(255) null, `properties` json null, `conditions` json null, `created_at` datetime null, `updated_at` datetime null, `created_by_id` integer null, `updated_by_id` integer null, constraint `admin_permissions_created_by_id_fk` foreign key(`created_by_id`) references `admin_users`(`id`) on delete SET NULL, constraint `admin_permissions_updated_by_id_fk` foreign key(`updated_by_id`) references `admin_users`(`id`) on delete SET NULL);
INSERT INTO admin_permissions VALUES(1,'plugin::upload.read',NULL,'{}','[]',1644336145473,1644336145473,NULL,NULL);
INSERT INTO admin_permissions VALUES(2,'plugin::upload.assets.create',NULL,'{}','[]',1644336145475,1644336145475,NULL,NULL);
INSERT INTO admin_permissions VALUES(3,'plugin::upload.assets.update',NULL,'{}','[]',1644336145478,1644336145478,NULL,NULL);
INSERT INTO admin_permissions VALUES(4,'plugin::upload.assets.download',NULL,'{}','[]',1644336145480,1644336145480,NULL,NULL);
INSERT INTO admin_permissions VALUES(5,'plugin::upload.assets.copy-link',NULL,'{}','[]',1644336145482,1644336145482,NULL,NULL);
INSERT INTO admin_permissions VALUES(6,'plugin::upload.read',NULL,'{}','["admin::is-creator"]',1644336145485,1644336145485,NULL,NULL);
INSERT INTO admin_permissions VALUES(7,'plugin::upload.assets.create',NULL,'{}','[]',1644336145487,1644336145487,NULL,NULL);
INSERT INTO admin_permissions VALUES(8,'plugin::upload.assets.update',NULL,'{}','["admin::is-creator"]',1644336145489,1644336145489,NULL,NULL);
INSERT INTO admin_permissions VALUES(9,'plugin::upload.assets.download',NULL,'{}','[]',1644336145491,1644336145491,NULL,NULL);
INSERT INTO admin_permissions VALUES(10,'plugin::upload.assets.copy-link',NULL,'{}','[]',1644336145493,1644336145493,NULL,NULL);
INSERT INTO admin_permissions VALUES(14,'plugin::content-manager.explorer.delete','plugin::users-permissions.user','{}','[]',1644336145559,1644336145559,NULL,NULL);
INSERT INTO admin_permissions VALUES(15,'plugin::content-manager.single-types.configure-view',NULL,'{}','[]',1644336145561,1644336145561,NULL,NULL);
INSERT INTO admin_permissions VALUES(16,'plugin::content-manager.collection-types.configure-view',NULL,'{}','[]',1644336145563,1644336145563,NULL,NULL);
INSERT INTO admin_permissions VALUES(17,'plugin::content-manager.components.configure-layout',NULL,'{}','[]',1644336145566,1644336145566,NULL,NULL);
INSERT INTO admin_permissions VALUES(18,'plugin::content-type-builder.read',NULL,'{}','[]',1644336145568,1644336145568,NULL,NULL);
INSERT INTO admin_permissions VALUES(19,'plugin::email.settings.read',NULL,'{}','[]',1644336145570,1644336145570,NULL,NULL);
INSERT INTO admin_permissions VALUES(20,'plugin::upload.read',NULL,'{}','[]',1644336145572,1644336145572,NULL,NULL);
INSERT INTO admin_permissions VALUES(21,'plugin::upload.assets.create',NULL,'{}','[]',1644336145574,1644336145574,NULL,NULL);
INSERT INTO admin_permissions VALUES(22,'plugin::upload.assets.update',NULL,'{}','[]',1644336145577,1644336145577,NULL,NULL);
INSERT INTO admin_permissions VALUES(23,'plugin::upload.assets.download',NULL,'{}','[]',1644336145579,1644336145579,NULL,NULL);
INSERT INTO admin_permissions VALUES(24,'plugin::upload.assets.copy-link',NULL,'{}','[]',1644336145581,1644336145581,NULL,NULL);
INSERT INTO admin_permissions VALUES(25,'plugin::upload.settings.read',NULL,'{}','[]',1644336145583,1644336145583,NULL,NULL);
INSERT INTO admin_permissions VALUES(26,'plugin::users-permissions.roles.create',NULL,'{}','[]',1644336145587,1644336145587,NULL,NULL);
INSERT INTO admin_permissions VALUES(27,'plugin::users-permissions.roles.read',NULL,'{}','[]',1644336145589,1644336145589,NULL,NULL);
INSERT INTO admin_permissions VALUES(28,'plugin::users-permissions.roles.update',NULL,'{}','[]',1644336145591,1644336145591,NULL,NULL);
INSERT INTO admin_permissions VALUES(29,'plugin::users-permissions.roles.delete',NULL,'{}','[]',1644336145594,1644336145594,NULL,NULL);
INSERT INTO admin_permissions VALUES(30,'plugin::users-permissions.providers.read',NULL,'{}','[]',1644336145596,1644336145596,NULL,NULL);
INSERT INTO admin_permissions VALUES(31,'plugin::users-permissions.providers.update',NULL,'{}','[]',1644336145598,1644336145598,NULL,NULL);
INSERT INTO admin_permissions VALUES(32,'plugin::users-permissions.email-templates.read',NULL,'{}','[]',1644336145601,1644336145601,NULL,NULL);
INSERT INTO admin_permissions VALUES(33,'plugin::users-permissions.email-templates.update',NULL,'{}','[]',1644336145603,1644336145603,NULL,NULL);
INSERT INTO admin_permissions VALUES(34,'plugin::users-permissions.advanced-settings.read',NULL,'{}','[]',1644336145605,1644336145605,NULL,NULL);
INSERT INTO admin_permissions VALUES(35,'plugin::users-permissions.advanced-settings.update',NULL,'{}','[]',1644336145608,1644336145608,NULL,NULL);
INSERT INTO admin_permissions VALUES(36,'plugin::i18n.locale.create',NULL,'{}','[]',1644336145610,1644336145610,NULL,NULL);
INSERT INTO admin_permissions VALUES(37,'plugin::i18n.locale.read',NULL,'{}','[]',1644336145613,1644336145613,NULL,NULL);
INSERT INTO admin_permissions VALUES(38,'plugin::i18n.locale.update',NULL,'{}','[]',1644336145615,1644336145615,NULL,NULL);
INSERT INTO admin_permissions VALUES(39,'plugin::i18n.locale.delete',NULL,'{}','[]',1644336145705,1644336145705,NULL,NULL);
INSERT INTO admin_permissions VALUES(40,'admin::marketplace.read',NULL,'{}','[]',1644336145708,1644336145708,NULL,NULL);
INSERT INTO admin_permissions VALUES(41,'admin::marketplace.plugins.install',NULL,'{}','[]',1644336145761,1644336145761,NULL,NULL);
INSERT INTO admin_permissions VALUES(42,'admin::marketplace.plugins.uninstall',NULL,'{}','[]',1644336145811,1644336145811,NULL,NULL);
INSERT INTO admin_permissions VALUES(43,'admin::webhooks.create',NULL,'{}','[]',1644336145814,1644336145814,NULL,NULL);
INSERT INTO admin_permissions VALUES(44,'admin::webhooks.read',NULL,'{}','[]',1644336145818,1644336145818,NULL,NULL);
INSERT INTO admin_permissions VALUES(45,'admin::webhooks.update',NULL,'{}','[]',1644336145820,1644336145820,NULL,NULL);
INSERT INTO admin_permissions VALUES(46,'admin::webhooks.delete',NULL,'{}','[]',1644336145822,1644336145822,NULL,NULL);
INSERT INTO admin_permissions VALUES(47,'admin::users.create',NULL,'{}','[]',1644336145824,1644336145824,NULL,NULL);
INSERT INTO admin_permissions VALUES(48,'admin::users.read',NULL,'{}','[]',1644336145826,1644336145826,NULL,NULL);
INSERT INTO admin_permissions VALUES(49,'admin::users.update',NULL,'{}','[]',1644336145828,1644336145828,NULL,NULL);
INSERT INTO admin_permissions VALUES(50,'admin::users.delete',NULL,'{}','[]',1644336145830,1644336145830,NULL,NULL);
INSERT INTO admin_permissions VALUES(51,'admin::roles.create',NULL,'{}','[]',1644336145832,1644336145832,NULL,NULL);
INSERT INTO admin_permissions VALUES(52,'admin::roles.read',NULL,'{}','[]',1644336145834,1644336145834,NULL,NULL);
INSERT INTO admin_permissions VALUES(53,'admin::roles.update',NULL,'{}','[]',1644336145840,1644336145840,NULL,NULL);
INSERT INTO admin_permissions VALUES(54,'admin::roles.delete',NULL,'{}','[]',1644336145843,1644336145843,NULL,NULL);
INSERT INTO admin_permissions VALUES(55,'admin::api-tokens.create',NULL,'{}','[]',1644336145845,1644336145845,NULL,NULL);
INSERT INTO admin_permissions VALUES(56,'admin::api-tokens.read',NULL,'{}','[]',1644336145848,1644336145848,NULL,NULL);
INSERT INTO admin_permissions VALUES(57,'admin::api-tokens.update',NULL,'{}','[]',1644336145851,1644336145851,NULL,NULL);
INSERT INTO admin_permissions VALUES(58,'admin::api-tokens.delete',NULL,'{}','[]',1644336145854,1644336145854,NULL,NULL);
INSERT INTO admin_permissions VALUES(62,'plugin::content-manager.explorer.delete','api::restaurant.restaurant','{}','[]',1644336664751,1644336664751,NULL,NULL);
INSERT INTO admin_permissions VALUES(63,'plugin::content-manager.explorer.publish','api::restaurant.restaurant','{}','[]',1644336664753,1644336664753,NULL,NULL);
INSERT INTO admin_permissions VALUES(67,'plugin::content-manager.explorer.delete','api::order.order','{}','[]',1644429833493,1644429833493,NULL,NULL);
INSERT INTO admin_permissions VALUES(68,'plugin::content-manager.explorer.publish','api::order.order','{}','[]',1644429833496,1644429833496,NULL,NULL);
INSERT INTO admin_permissions VALUES(69,'plugin::content-manager.explorer.create','plugin::users-permissions.user','{"fields":["username","email","provider","password","resetPasswordToken","confirmationToken","confirmed","blocked","role","firstname","lastname"]}','[]',1644612385711,1644612385711,NULL,NULL);
INSERT INTO admin_permissions VALUES(70,'plugin::content-manager.explorer.read','plugin::users-permissions.user','{"fields":["username","email","provider","password","resetPasswordToken","confirmationToken","confirmed","blocked","role","firstname","lastname"]}','[]',1644612385713,1644612385713,NULL,NULL);
INSERT INTO admin_permissions VALUES(71,'plugin::content-manager.explorer.update','plugin::users-permissions.user','{"fields":["username","email","provider","password","resetPasswordToken","confirmationToken","confirmed","blocked","role","firstname","lastname"]}','[]',1644612385715,1644612385715,NULL,NULL);
INSERT INTO admin_permissions VALUES(75,'plugin::content-manager.explorer.create','api::order.order','{"fields":["Amount","Address","City","State","token","Dishes"]}','[]',1644860368042,1644860368042,NULL,NULL);
INSERT INTO admin_permissions VALUES(76,'plugin::content-manager.explorer.read','api::order.order','{"fields":["Amount","Address","City","State","token","Dishes"]}','[]',1644860368045,1644860368045,NULL,NULL);
INSERT INTO admin_permissions VALUES(77,'plugin::content-manager.explorer.update','api::order.order','{"fields":["Amount","Address","City","State","token","Dishes"]}','[]',1644860368047,1644860368047,NULL,NULL);
INSERT INTO admin_permissions VALUES(81,'plugin::content-manager.explorer.delete','api::dish.dish','{}','[]',1644867407473,1644867407473,NULL,NULL);
INSERT INTO admin_permissions VALUES(82,'plugin::content-manager.explorer.publish','api::dish.dish','{}','[]',1644867407475,1644867407475,NULL,NULL);
INSERT INTO admin_permissions VALUES(98,'plugin::content-manager.explorer.create','api::dish.dish','{"fields":["name","description","image","restaurant","cost","add","vegetarian","vegan","gf","service","course"]}','[]',1644869922965,1644869922965,NULL,NULL);
INSERT INTO admin_permissions VALUES(99,'plugin::content-manager.explorer.read','api::dish.dish','{"fields":["name","description","image","restaurant","cost","add","vegetarian","vegan","gf","service","course"]}','[]',1644869922968,1644869922968,NULL,NULL);
INSERT INTO admin_permissions VALUES(100,'plugin::content-manager.explorer.update','api::dish.dish','{"fields":["name","description","image","restaurant","cost","add","vegetarian","vegan","gf","service","course"]}','[]',1644869922970,1644869922970,NULL,NULL);
INSERT INTO admin_permissions VALUES(101,'plugin::content-manager.explorer.create','api::restaurant.restaurant','{"fields":["name","address","image","city","state","Link"]}','[]',1644870290045,1644870290045,NULL,NULL);
INSERT INTO admin_permissions VALUES(102,'plugin::content-manager.explorer.read','api::restaurant.restaurant','{"fields":["name","address","image","city","state","Link"]}','[]',1644870290047,1644870290047,NULL,NULL);
INSERT INTO admin_permissions VALUES(103,'plugin::content-manager.explorer.update','api::restaurant.restaurant','{"fields":["name","address","image","city","state","Link"]}','[]',1644870290049,1644870290049,NULL,NULL);
CREATE TABLE `admin_users` (`id` integer not null primary key autoincrement, `firstname` varchar(255) null, `lastname` varchar(255) null, `username` varchar(255) null, `email` varchar(255) null, `password` varchar(255) null, `reset_password_token` varchar(255) null, `registration_token` varchar(255) null, `is_active` boolean null, `blocked` boolean null, `prefered_language` varchar(255) null, `created_at` datetime null, `updated_at` datetime null, `created_by_id` integer null, `updated_by_id` integer null, constraint `admin_users_created_by_id_fk` foreign key(`created_by_id`) references `admin_users`(`id`) on delete SET NULL, constraint `admin_users_updated_by_id_fk` foreign key(`updated_by_id`) references `admin_users`(`id`) on delete SET NULL);
INSERT INTO admin_users VALUES(1,'Hunter','Johns',NULL,'hunterjohns118@gmail.com','$2a$10$RWxf/9.yurcUyXAoZweJfOXM2HfwqlF8trPaHp3Qlyqpz4c0D8tnS',NULL,NULL,1,0,NULL,1644336542457,1644336542457,NULL,NULL);
CREATE TABLE `admin_roles` (`id` integer not null primary key autoincrement, `name` varchar(255) null, `code` varchar(255) null, `description` varchar(255) null, `created_at` datetime null, `updated_at` datetime null, `created_by_id` integer null, `updated_by_id` integer null, constraint `admin_roles_created_by_id_fk` foreign key(`created_by_id`) references `admin_users`(`id`) on delete SET NULL, constraint `admin_roles_updated_by_id_fk` foreign key(`updated_by_id`) references `admin_users`(`id`) on delete SET NULL);
INSERT INTO admin_roles VALUES(1,'Super Admin','strapi-super-admin','Super Admins can access and manage all features and settings.',1644336145464,1644336145464,NULL,NULL);
INSERT INTO admin_roles VALUES(2,'Editor','strapi-editor','Editors can manage and publish contents including those of other users.',1644336145468,1644336145468,NULL,NULL);
INSERT INTO admin_roles VALUES(3,'Author','strapi-author','Authors can manage the content they have created.',1644336145470,1644336145470,NULL,NULL);
CREATE TABLE `strapi_api_tokens` (`id` integer not null primary key autoincrement, `name` varchar(255) null, `description` varchar(255) null, `type` varchar(255) null, `access_key` varchar(255) null, `created_at` datetime null, `updated_at` datetime null, `created_by_id` integer null, `updated_by_id` integer null, constraint `strapi_api_tokens_created_by_id_fk` foreign key(`created_by_id`) references `admin_users`(`id`) on delete SET NULL, constraint `strapi_api_tokens_updated_by_id_fk` foreign key(`updated_by_id`) references `admin_users`(`id`) on delete SET NULL);
CREATE TABLE `files` (`id` integer not null primary key autoincrement, `name` varchar(255) null, `alternative_text` varchar(255) null, `caption` varchar(255) null, `width` integer null, `height` integer null, `formats` json null, `hash` varchar(255) null, `ext` varchar(255) null, `mime` varchar(255) null, `size` float null, `url` varchar(255) null, `preview_url` varchar(255) null, `provider` varchar(255) null, `provider_metadata` json null, `created_at` datetime null, `updated_at` datetime null, `created_by_id` integer null, `updated_by_id` integer null, constraint `files_created_by_id_fk` foreign key(`created_by_id`) references `admin_users`(`id`) on delete SET NULL, constraint `files_updated_by_id_fk` foreign key(`updated_by_id`) references `admin_users`(`id`) on delete SET NULL);
INSERT INTO files VALUES(1,'newyorkrest.jpeg','newyorkrest.jpeg','newyorkrest.jpeg',1000,1333,'{"thumbnail":{"name":"thumbnail_newyorkrest.jpeg","hash":"thumbnail_newyorkrest_4d4c7aa785","ext":".jpeg","mime":"image/jpeg","width":117,"height":156,"size":6.06,"path":null,"url":"/uploads/thumbnail_newyorkrest_4d4c7aa785.jpeg"},"large":{"name":"large_newyorkrest.jpeg","hash":"large_newyorkrest_4d4c7aa785","ext":".jpeg","mime":"image/jpeg","width":750,"height":1000,"size":151.18,"path":null,"url":"/uploads/large_newyorkrest_4d4c7aa785.jpeg"},"medium":{"name":"medium_newyorkrest.jpeg","hash":"medium_newyorkrest_4d4c7aa785","ext":".jpeg","mime":"image/jpeg","width":563,"height":750,"size":93.44,"path":null,"url":"/uploads/medium_newyorkrest_4d4c7aa785.jpeg"},"small":{"name":"small_newyorkrest.jpeg","hash":"small_newyorkrest_4d4c7aa785","ext":".jpeg","mime":"image/jpeg","width":375,"height":500,"size":45.81,"path":null,"url":"/uploads/small_newyorkrest_4d4c7aa785.jpeg"}}','newyorkrest_4d4c7aa785','.jpeg','image/jpeg',245.59000000000000341,'/uploads/newyorkrest_4d4c7aa785.jpeg',NULL,'local',NULL,1644867620983,1644867620983,1,1);
INSERT INTO files VALUES(2,'themaker.jpeg','themaker.jpeg','themaker.jpeg',1500,1000,'{"thumbnail":{"name":"thumbnail_themaker.jpeg","hash":"thumbnail_themaker_208023c4f9","ext":".jpeg","mime":"image/jpeg","width":234,"height":156,"size":11.42,"path":null,"url":"/uploads/thumbnail_themaker_208023c4f9.jpeg"},"large":{"name":"large_themaker.jpeg","hash":"large_themaker_208023c4f9","ext":".jpeg","mime":"image/jpeg","width":1000,"height":667,"size":160.96,"path":null,"url":"/uploads/large_themaker_208023c4f9.jpeg"},"medium":{"name":"medium_themaker.jpeg","hash":"medium_themaker_208023c4f9","ext":".jpeg","mime":"image/jpeg","width":750,"height":500,"size":92.68,"path":null,"url":"/uploads/medium_themaker_208023c4f9.jpeg"},"small":{"name":"small_themaker.jpeg","hash":"small_themaker_208023c4f9","ext":".jpeg","mime":"image/jpeg","width":500,"height":333,"size":43.73,"path":null,"url":"/uploads/small_themaker_208023c4f9.jpeg"}}','themaker_208023c4f9','.jpeg','image/jpeg',362.63999999999998635,'/uploads/themaker_208023c4f9.jpeg',NULL,'local',NULL,1644869313678,1644869313678,1,1);
INSERT INTO files VALUES(3,'leperche.jpg','leperche.jpg','leperche.jpg',1000,732,'{"thumbnail":{"name":"thumbnail_leperche.jpg","hash":"thumbnail_leperche_c4118a23d2","ext":".jpg","mime":"image/jpeg","width":213,"height":156,"size":9.46,"path":null,"url":"/uploads/thumbnail_leperche_c4118a23d2.jpg"},"medium":{"name":"medium_leperche.jpg","hash":"medium_leperche_c4118a23d2","ext":".jpg","mime":"image/jpeg","width":750,"height":549,"size":76.66,"path":null,"url":"/uploads/medium_leperche_c4118a23d2.jpg"},"small":{"name":"small_leperche.jpg","hash":"small_leperche_c4118a23d2","ext":".jpg","mime":"image/jpeg","width":500,"height":366,"size":39.06,"path":null,"url":"/uploads/small_leperche_c4118a23d2.jpg"}}','leperche_c4118a23d2','.jpg','image/jpeg',126.73999999999999488,'/uploads/leperche_c4118a23d2.jpg',NULL,'local',NULL,1644871030576,1644871030576,1,1);
INSERT INTO files VALUES(4,'reddot.jpg','reddot.jpg','reddot.jpg',597,597,'{"thumbnail":{"name":"thumbnail_reddot.jpg","hash":"thumbnail_reddot_a2c76f80bc","ext":".jpg","mime":"image/jpeg","width":156,"height":156,"size":6.7,"path":null,"url":"/uploads/thumbnail_reddot_a2c76f80bc.jpg"},"small":{"name":"small_reddot.jpg","hash":"small_reddot_a2c76f80bc","ext":".jpg","mime":"image/jpeg","width":500,"height":500,"size":43.22,"path":null,"url":"/uploads/small_reddot_a2c76f80bc.jpg"}}','reddot_a2c76f80bc','.jpg','image/jpeg',57.96000000000000085,'/uploads/reddot_a2c76f80bc.jpg',NULL,'local',NULL,1644871626582,1644871626582,1,1);
INSERT INTO files VALUES(5,'conca-d-oro.jpeg','conca-d-oro.jpeg','conca-d-oro.jpeg',550,367,'{"thumbnail":{"name":"thumbnail_conca-d-oro.jpeg","hash":"thumbnail_conca_d_oro_6eed444cb6","ext":".jpeg","mime":"image/jpeg","width":234,"height":156,"size":10.68,"path":null,"url":"/uploads/thumbnail_conca_d_oro_6eed444cb6.jpeg"},"small":{"name":"small_conca-d-oro.jpeg","hash":"small_conca_d_oro_6eed444cb6","ext":".jpeg","mime":"image/jpeg","width":500,"height":334,"size":43.19,"path":null,"url":"/uploads/small_conca_d_oro_6eed444cb6.jpeg"}}','conca_d_oro_6eed444cb6','.jpeg','image/jpeg',53.020000000000003124,'/uploads/conca_d_oro_6eed444cb6.jpeg',NULL,'local',NULL,1645717382038,1645717382038,1,1);
INSERT INTO files VALUES(6,'394main.jpeg','394main.jpeg','394main.jpeg',550,413,'{"thumbnail":{"name":"thumbnail_394main.jpeg","hash":"thumbnail_394main_c4686fcc86","ext":".jpeg","mime":"image/jpeg","width":208,"height":156,"size":9.48,"path":null,"url":"/uploads/thumbnail_394main_c4686fcc86.jpeg"},"small":{"name":"small_394main.jpeg","hash":"small_394main_c4686fcc86","ext":".jpeg","mime":"image/jpeg","width":500,"height":375,"size":45.23,"path":null,"url":"/uploads/small_394main_c4686fcc86.jpeg"}}','394main_c4686fcc86','.jpeg','image/jpeg',55.130000000000002557,'/uploads/394main_c4686fcc86.jpeg',NULL,'local',NULL,1645718061505,1645718061505,1,1);
INSERT INTO files VALUES(7,'barnwood-restaurant-at.jpeg','barnwood-restaurant-at.jpeg','barnwood-restaurant-at.jpeg',550,311,'{"thumbnail":{"name":"thumbnail_barnwood-restaurant-at.jpeg","hash":"thumbnail_barnwood_restaurant_at_67eef065f9","ext":".jpeg","mime":"image/jpeg","width":245,"height":139,"size":10.41,"path":null,"url":"/uploads/thumbnail_barnwood_restaurant_at_67eef065f9.jpeg"},"small":{"name":"small_barnwood-restaurant-at.jpeg","hash":"small_barnwood_restaurant_at_67eef065f9","ext":".jpeg","mime":"image/jpeg","width":500,"height":283,"size":36.34,"path":null,"url":"/uploads/small_barnwood_restaurant_at_67eef065f9.jpeg"}}','barnwood_restaurant_at_67eef065f9','.jpeg','image/jpeg',44.21000000000000085,'/uploads/barnwood_restaurant_at_67eef065f9.jpeg',NULL,'local',NULL,1645723200197,1645723200197,1,1);
CREATE TABLE `up_permissions` (`id` integer not null primary key autoincrement, `action` varchar(255) null, `created_at` datetime null, `updated_at` datetime null, `created_by_id` integer null, `updated_by_id` integer null, constraint `up_permissions_created_by_id_fk` foreign key(`created_by_id`) references `admin_users`(`id`) on delete SET NULL, constraint `up_permissions_updated_by_id_fk` foreign key(`updated_by_id`) references `admin_users`(`id`) on delete SET NULL);
INSERT INTO up_permissions VALUES(1,'plugin::users-permissions.auth.connect',1644336145337,1644336145337,NULL,NULL);
INSERT INTO up_permissions VALUES(2,'plugin::users-permissions.user.me',1644336145337,1644336145337,NULL,NULL);
INSERT INTO up_permissions VALUES(5,'plugin::users-permissions.auth.callback',1644336145342,1644336145342,NULL,NULL);
INSERT INTO up_permissions VALUES(6,'plugin::users-permissions.auth.connect',1644336145342,1644336145342,NULL,NULL);
INSERT INTO up_permissions VALUES(9,'plugin::users-permissions.auth.register',1644336145342,1644336145342,NULL,NULL);
INSERT INTO up_permissions VALUES(11,'plugin::users-permissions.user.me',1644336145342,1644336145342,NULL,NULL);
INSERT INTO up_permissions VALUES(12,'api::restaurant.restaurant.find',1644426220187,1644426220187,NULL,NULL);
INSERT INTO up_permissions VALUES(13,'api::restaurant.restaurant.findOne',1644426220187,1644426220187,NULL,NULL);
INSERT INTO up_permissions VALUES(14,'api::restaurant.restaurant.create',1644426220187,1644426220187,NULL,NULL);
INSERT INTO up_permissions VALUES(15,'api::restaurant.restaurant.update',1644426220187,1644426220187,NULL,NULL);
INSERT INTO up_permissions VALUES(16,'api::restaurant.restaurant.delete',1644426220187,1644426220187,NULL,NULL);
INSERT INTO up_permissions VALUES(17,'plugin::users-permissions.user.create',1644426220187,1644426220187,NULL,NULL);
INSERT INTO up_permissions VALUES(18,'plugin::users-permissions.user.update',1644426220187,1644426220187,NULL,NULL);
INSERT INTO up_permissions VALUES(19,'plugin::users-permissions.user.find',1644426220187,1644426220187,NULL,NULL);
INSERT INTO up_permissions VALUES(20,'plugin::users-permissions.user.findOne',1644426220187,1644426220187,NULL,NULL);
INSERT INTO up_permissions VALUES(21,'plugin::users-permissions.user.count',1644426220187,1644426220187,NULL,NULL);
INSERT INTO up_permissions VALUES(22,'plugin::users-permissions.user.destroy',1644426220187,1644426220187,NULL,NULL);
INSERT INTO up_permissions VALUES(23,'api::order.order.find',1644438042987,1644438042987,NULL,NULL);
INSERT INTO up_permissions VALUES(24,'api::order.order.findOne',1644438042987,1644438042987,NULL,NULL);
INSERT INTO up_permissions VALUES(25,'api::order.order.create',1644438042987,1644438042987,NULL,NULL);
INSERT INTO up_permissions VALUES(26,'api::order.order.update',1644438042987,1644438042987,NULL,NULL);
INSERT INTO up_permissions VALUES(27,'api::order.order.delete',1644438042987,1644438042987,NULL,NULL);
INSERT INTO up_permissions VALUES(28,'api::restaurant.restaurant.find',1644438042987,1644438042987,NULL,NULL);
INSERT INTO up_permissions VALUES(29,'api::restaurant.restaurant.findOne',1644438042987,1644438042987,NULL,NULL);
INSERT INTO up_permissions VALUES(30,'api::restaurant.restaurant.create',1644438042987,1644438042987,NULL,NULL);
INSERT INTO up_permissions VALUES(31,'api::restaurant.restaurant.update',1644438042987,1644438042987,NULL,NULL);
INSERT INTO up_permissions VALUES(32,'api::restaurant.restaurant.delete',1644438042987,1644438042987,NULL,NULL);
INSERT INTO up_permissions VALUES(33,'plugin::users-permissions.auth.resetPassword',1644438042987,1644438042987,NULL,NULL);
INSERT INTO up_permissions VALUES(34,'plugin::users-permissions.auth.forgotPassword',1644438042987,1644438042987,NULL,NULL);
INSERT INTO up_permissions VALUES(35,'plugin::users-permissions.auth.register',1644438042987,1644438042987,NULL,NULL);
INSERT INTO up_permissions VALUES(36,'plugin::users-permissions.permissions.getPermissions',1644438042987,1644438042987,NULL,NULL);
INSERT INTO up_permissions VALUES(37,'plugin::users-permissions.auth.resetPassword',1644438164066,1644438164066,NULL,NULL);
INSERT INTO up_permissions VALUES(38,'plugin::users-permissions.auth.forgotPassword',1644438164066,1644438164066,NULL,NULL);
INSERT INTO up_permissions VALUES(39,'plugin::users-permissions.auth.emailConfirmation',1644438164066,1644438164066,NULL,NULL);
INSERT INTO up_permissions VALUES(40,'plugin::users-permissions.auth.sendEmailConfirmation',1644438164066,1644438164066,NULL,NULL);
INSERT INTO up_permissions VALUES(41,'api::order.order.find',1644604674414,1644604674414,NULL,NULL);
INSERT INTO up_permissions VALUES(42,'api::order.order.findOne',1644604674414,1644604674414,NULL,NULL);
INSERT INTO up_permissions VALUES(43,'api::order.order.create',1644604674414,1644604674414,NULL,NULL);
INSERT INTO up_permissions VALUES(44,'api::order.order.update',1644604674414,1644604674414,NULL,NULL);
INSERT INTO up_permissions VALUES(45,'api::order.order.delete',1644604674414,1644604674414,NULL,NULL);
INSERT INTO up_permissions VALUES(46,'plugin::users-permissions.auth.callback',1644611650931,1644611650931,NULL,NULL);
INSERT INTO up_permissions VALUES(47,'plugin::users-permissions.auth.emailConfirmation',1644611650931,1644611650931,NULL,NULL);
INSERT INTO up_permissions VALUES(48,'plugin::users-permissions.auth.sendEmailConfirmation',1644611650931,1644611650931,NULL,NULL);
INSERT INTO up_permissions VALUES(49,'plugin::users-permissions.user.create',1644611650931,1644611650931,NULL,NULL);
INSERT INTO up_permissions VALUES(50,'plugin::users-permissions.user.update',1644611650931,1644611650931,NULL,NULL);
INSERT INTO up_permissions VALUES(51,'plugin::users-permissions.user.find',1644611650931,1644611650931,NULL,NULL);
INSERT INTO up_permissions VALUES(52,'plugin::users-permissions.user.findOne',1644611650931,1644611650931,NULL,NULL);
INSERT INTO up_permissions VALUES(53,'plugin::users-permissions.user.count',1644611650931,1644611650931,NULL,NULL);
INSERT INTO up_permissions VALUES(54,'plugin::users-permissions.user.destroy',1644611650931,1644611650931,NULL,NULL);
INSERT INTO up_permissions VALUES(55,'plugin::users-permissions.role.createRole',1644611667357,1644611667357,NULL,NULL);
INSERT INTO up_permissions VALUES(56,'plugin::users-permissions.role.getRole',1644611667357,1644611667357,NULL,NULL);
INSERT INTO up_permissions VALUES(57,'plugin::users-permissions.role.getRoles',1644611667357,1644611667357,NULL,NULL);
INSERT INTO up_permissions VALUES(58,'plugin::users-permissions.role.updateRole',1644611667357,1644611667357,NULL,NULL);
INSERT INTO up_permissions VALUES(59,'plugin::users-permissions.role.deleteRole',1644611667358,1644611667358,NULL,NULL);
INSERT INTO up_permissions VALUES(60,'plugin::users-permissions.role.createRole',1644858218793,1644858218793,NULL,NULL);
INSERT INTO up_permissions VALUES(61,'plugin::users-permissions.role.getRole',1644858218793,1644858218793,NULL,NULL);
INSERT INTO up_permissions VALUES(62,'plugin::users-permissions.role.getRoles',1644858218793,1644858218793,NULL,NULL);
INSERT INTO up_permissions VALUES(63,'plugin::users-permissions.role.updateRole',1644858218793,1644858218793,NULL,NULL);
INSERT INTO up_permissions VALUES(64,'plugin::users-permissions.role.deleteRole',1644858218793,1644858218793,NULL,NULL);
INSERT INTO up_permissions VALUES(65,'plugin::users-permissions.permissions.getPermissions',1644858218793,1644858218793,NULL,NULL);
INSERT INTO up_permissions VALUES(66,'api::dish.dish.find',1644885583512,1644885583512,NULL,NULL);
INSERT INTO up_permissions VALUES(67,'api::dish.dish.findOne',1644885583512,1644885583512,NULL,NULL);
INSERT INTO up_permissions VALUES(68,'api::dish.dish.create',1644885583512,1644885583512,NULL,NULL);
INSERT INTO up_permissions VALUES(69,'api::dish.dish.update',1644885583512,1644885583512,NULL,NULL);
INSERT INTO up_permissions VALUES(70,'api::dish.dish.delete',1644885583512,1644885583512,NULL,NULL);
CREATE TABLE `up_roles` (`id` integer not null primary key autoincrement, `name` varchar(255) null, `description` varchar(255) null, `type` varchar(255) null, `created_at` datetime null, `updated_at` datetime null, `created_by_id` integer null, `updated_by_id` integer null, constraint `up_roles_created_by_id_fk` foreign key(`created_by_id`) references `admin_users`(`id`) on delete SET NULL, constraint `up_roles_updated_by_id_fk` foreign key(`updated_by_id`) references `admin_users`(`id`) on delete SET NULL);
INSERT INTO up_roles VALUES(1,'Authenticated','Default role given to authenticated user.','authenticated',1644336145331,1644859331721,NULL,NULL);
INSERT INTO up_roles VALUES(2,'Public','Default role given to unauthenticated user.','public',1644336145333,1644885583509,NULL,NULL);
CREATE TABLE `up_users` (`id` integer not null primary key autoincrement, `username` varchar(255) null, `email` varchar(255) null, `provider` varchar(255) null, `password` varchar(255) null, `reset_password_token` varchar(255) null, `confirmation_token` varchar(255) null, `confirmed` boolean null, `blocked` boolean null, `created_at` datetime null, `updated_at` datetime null, `created_by_id` integer null, `updated_by_id` integer null, `firstname` varchar(255) null, `lastname` varchar(255) null, constraint `up_users_created_by_id_fk` foreign key(`created_by_id`) references `admin_users`(`id`) on delete SET NULL, constraint `up_users_updated_by_id_fk` foreign key(`updated_by_id`) references `admin_users`(`id`) on delete SET NULL);
INSERT INTO up_users VALUES(6,'test','test@test.com','local','$2a$10$A9L/SPpM5ETQ0prYMoiILuTOf7HtFL2ejsC6xlWFr0iMbqm8ousA2',NULL,NULL,1,0,1644613552934,1645643849591,NULL,1,'','');
CREATE TABLE `i18n_locale` (`id` integer not null primary key autoincrement, `name` varchar(255) null, `code` varchar(255) null, `created_at` datetime null, `updated_at` datetime null, `created_by_id` integer null, `updated_by_id` integer null, constraint `i18n_locale_created_by_id_fk` foreign key(`created_by_id`) references `admin_users`(`id`) on delete SET NULL, constraint `i18n_locale_updated_by_id_fk` foreign key(`updated_by_id`) references `admin_users`(`id`) on delete SET NULL);
INSERT INTO i18n_locale VALUES(1,'English (en)','en',1644336145365,1644336145365,NULL,NULL);
CREATE TABLE `admin_permissions_role_links` (`permission_id` integer null, `role_id` integer null, constraint `admin_permissions_role_links_fk` foreign key(`permission_id`) references `admin_permissions`(`id`) on delete CASCADE, constraint `admin_permissions_role_links_inv_fk` foreign key(`role_id`) references `admin_roles`(`id`) on delete CASCADE);
INSERT INTO admin_permissions_role_links VALUES(1,2);
INSERT INTO admin_permissions_role_links VALUES(2,2);
INSERT INTO admin_permissions_role_links VALUES(3,2);
INSERT INTO admin_permissions_role_links VALUES(4,2);
INSERT INTO admin_permissions_role_links VALUES(5,2);
INSERT INTO admin_permissions_role_links VALUES(6,3);
INSERT INTO admin_permissions_role_links VALUES(7,3);
INSERT INTO admin_permissions_role_links VALUES(8,3);
INSERT INTO admin_permissions_role_links VALUES(9,3);
INSERT INTO admin_permissions_role_links VALUES(10,3);
INSERT INTO admin_permissions_role_links VALUES(14,1);
INSERT INTO admin_permissions_role_links VALUES(15,1);
INSERT INTO admin_permissions_role_links VALUES(16,1);
INSERT INTO admin_permissions_role_links VALUES(17,1);
INSERT INTO admin_permissions_role_links VALUES(18,1);
INSERT INTO admin_permissions_role_links VALUES(19,1);
INSERT INTO admin_permissions_role_links VALUES(20,1);
INSERT INTO admin_permissions_role_links VALUES(21,1);
INSERT INTO admin_permissions_role_links VALUES(22,1);
INSERT INTO admin_permissions_role_links VALUES(23,1);
INSERT INTO admin_permissions_role_links VALUES(24,1);
INSERT INTO admin_permissions_role_links VALUES(25,1);
INSERT INTO admin_permissions_role_links VALUES(26,1);
INSERT INTO admin_permissions_role_links VALUES(27,1);
INSERT INTO admin_permissions_role_links VALUES(28,1);
INSERT INTO admin_permissions_role_links VALUES(29,1);
INSERT INTO admin_permissions_role_links VALUES(30,1);
INSERT INTO admin_permissions_role_links VALUES(31,1);
INSERT INTO admin_permissions_role_links VALUES(32,1);
INSERT INTO admin_permissions_role_links VALUES(33,1);
INSERT INTO admin_permissions_role_links VALUES(34,1);
INSERT INTO admin_permissions_role_links VALUES(35,1);
INSERT INTO admin_permissions_role_links VALUES(36,1);
INSERT INTO admin_permissions_role_links VALUES(37,1);
INSERT INTO admin_permissions_role_links VALUES(38,1);
INSERT INTO admin_permissions_role_links VALUES(39,1);
INSERT INTO admin_permissions_role_links VALUES(40,1);
INSERT INTO admin_permissions_role_links VALUES(41,1);
INSERT INTO admin_permissions_role_links VALUES(42,1);
INSERT INTO admin_permissions_role_links VALUES(43,1);
INSERT INTO admin_permissions_role_links VALUES(44,1);
INSERT INTO admin_permissions_role_links VALUES(45,1);
INSERT INTO admin_permissions_role_links VALUES(46,1);
INSERT INTO admin_permissions_role_links VALUES(47,1);
INSERT INTO admin_permissions_role_links VALUES(48,1);
INSERT INTO admin_permissions_role_links VALUES(49,1);
INSERT INTO admin_permissions_role_links VALUES(50,1);
INSERT INTO admin_permissions_role_links VALUES(51,1);
INSERT INTO admin_permissions_role_links VALUES(52,1);
INSERT INTO admin_permissions_role_links VALUES(53,1);
INSERT INTO admin_permissions_role_links VALUES(54,1);
INSERT INTO admin_permissions_role_links VALUES(55,1);
INSERT INTO admin_permissions_role_links VALUES(56,1);
INSERT INTO admin_permissions_role_links VALUES(57,1);
INSERT INTO admin_permissions_role_links VALUES(58,1);
INSERT INTO admin_permissions_role_links VALUES(62,1);
INSERT INTO admin_permissions_role_links VALUES(63,1);
INSERT INTO admin_permissions_role_links VALUES(67,1);
INSERT INTO admin_permissions_role_links VALUES(68,1);
INSERT INTO admin_permissions_role_links VALUES(69,1);
INSERT INTO admin_permissions_role_links VALUES(70,1);
INSERT INTO admin_permissions_role_links VALUES(71,1);
INSERT INTO admin_permissions_role_links VALUES(75,1);
INSERT INTO admin_permissions_role_links VALUES(76,1);
INSERT INTO admin_permissions_role_links VALUES(77,1);
INSERT INTO admin_permissions_role_links VALUES(81,1);
INSERT INTO admin_permissions_role_links VALUES(82,1);
INSERT INTO admin_permissions_role_links VALUES(98,1);
INSERT INTO admin_permissions_role_links VALUES(99,1);
INSERT INTO admin_permissions_role_links VALUES(100,1);
INSERT INTO admin_permissions_role_links VALUES(101,1);
INSERT INTO admin_permissions_role_links VALUES(102,1);
INSERT INTO admin_permissions_role_links VALUES(103,1);
CREATE TABLE `admin_users_roles_links` (`user_id` integer null, `role_id` integer null, constraint `admin_users_roles_links_fk` foreign key(`user_id`) references `admin_users`(`id`) on delete CASCADE, constraint `admin_users_roles_links_inv_fk` foreign key(`role_id`) references `admin_roles`(`id`) on delete CASCADE);
INSERT INTO admin_users_roles_links VALUES(1,1);
CREATE TABLE `up_permissions_role_links` (`permission_id` integer null, `role_id` integer null, constraint `up_permissions_role_links_fk` foreign key(`permission_id`) references `up_permissions`(`id`) on delete CASCADE, constraint `up_permissions_role_links_inv_fk` foreign key(`role_id`) references `up_roles`(`id`) on delete CASCADE);
INSERT INTO up_permissions_role_links VALUES(1,1);
INSERT INTO up_permissions_role_links VALUES(2,1);
INSERT INTO up_permissions_role_links VALUES(5,2);
INSERT INTO up_permissions_role_links VALUES(6,2);
INSERT INTO up_permissions_role_links VALUES(9,2);
INSERT INTO up_permissions_role_links VALUES(11,2);
INSERT INTO up_permissions_role_links VALUES(12,2);
INSERT INTO up_permissions_role_links VALUES(13,2);
INSERT INTO up_permissions_role_links VALUES(14,2);
INSERT INTO up_permissions_role_links VALUES(15,2);
INSERT INTO up_permissions_role_links VALUES(16,2);
INSERT INTO up_permissions_role_links VALUES(17,2);
INSERT INTO up_permissions_role_links VALUES(18,2);
INSERT INTO up_permissions_role_links VALUES(19,2);
INSERT INTO up_permissions_role_links VALUES(20,2);
INSERT INTO up_permissions_role_links VALUES(21,2);
INSERT INTO up_permissions_role_links VALUES(22,2);
INSERT INTO up_permissions_role_links VALUES(23,1);
INSERT INTO up_permissions_role_links VALUES(24,1);
INSERT INTO up_permissions_role_links VALUES(25,1);
INSERT INTO up_permissions_role_links VALUES(26,1);
INSERT INTO up_permissions_role_links VALUES(27,1);
INSERT INTO up_permissions_role_links VALUES(28,1);
INSERT INTO up_permissions_role_links VALUES(29,1);
INSERT INTO up_permissions_role_links VALUES(30,1);
INSERT INTO up_permissions_role_links VALUES(31,1);
INSERT INTO up_permissions_role_links VALUES(32,1);
INSERT INTO up_permissions_role_links VALUES(33,1);
INSERT INTO up_permissions_role_links VALUES(34,1);
INSERT INTO up_permissions_role_links VALUES(35,1);
INSERT INTO up_permissions_role_links VALUES(36,1);
INSERT INTO up_permissions_role_links VALUES(37,2);
INSERT INTO up_permissions_role_links VALUES(38,2);
INSERT INTO up_permissions_role_links VALUES(39,2);
INSERT INTO up_permissions_role_links VALUES(40,2);
INSERT INTO up_permissions_role_links VALUES(41,2);
INSERT INTO up_permissions_role_links VALUES(42,2);
INSERT INTO up_permissions_role_links VALUES(43,2);
INSERT INTO up_permissions_role_links VALUES(44,2);
INSERT INTO up_permissions_role_links VALUES(45,2);
INSERT INTO up_permissions_role_links VALUES(46,1);
INSERT INTO up_permissions_role_links VALUES(47,1);
INSERT INTO up_permissions_role_links VALUES(48,1);
INSERT INTO up_permissions_role_links VALUES(49,1);
INSERT INTO up_permissions_role_links VALUES(50,1);
INSERT INTO up_permissions_role_links VALUES(51,1);
INSERT INTO up_permissions_role_links VALUES(52,1);
INSERT INTO up_permissions_role_links VALUES(53,1);
INSERT INTO up_permissions_role_links VALUES(54,1);
INSERT INTO up_permissions_role_links VALUES(55,1);
INSERT INTO up_permissions_role_links VALUES(56,1);
INSERT INTO up_permissions_role_links VALUES(57,1);
INSERT INTO up_permissions_role_links VALUES(58,1);
INSERT INTO up_permissions_role_links VALUES(59,1);
INSERT INTO up_permissions_role_links VALUES(60,2);
INSERT INTO up_permissions_role_links VALUES(61,2);
INSERT INTO up_permissions_role_links VALUES(62,2);
INSERT INTO up_permissions_role_links VALUES(63,2);
INSERT INTO up_permissions_role_links VALUES(64,2);
INSERT INTO up_permissions_role_links VALUES(65,2);
INSERT INTO up_permissions_role_links VALUES(66,2);
INSERT INTO up_permissions_role_links VALUES(67,2);
INSERT INTO up_permissions_role_links VALUES(68,2);
INSERT INTO up_permissions_role_links VALUES(69,2);
INSERT INTO up_permissions_role_links VALUES(70,2);
CREATE TABLE `up_users_role_links` (`user_id` integer null, `role_id` integer null, constraint `up_users_role_links_fk` foreign key(`user_id`) references `up_users`(`id`) on delete CASCADE, constraint `up_users_role_links_inv_fk` foreign key(`role_id`) references `up_roles`(`id`) on delete CASCADE);
INSERT INTO up_users_role_links VALUES(6,1);
CREATE TABLE IF NOT EXISTS "files_related_morphs" (`file_id` integer null, `related_id` integer null, `related_type` varchar(255) null, `field` varchar(255) null, `order` integer null, constraint `files_related_morphs_fk` foreign key(`file_id`) references `files`(`id`) on delete CASCADE, CONSTRAINT files_related_morphs_fk FOREIGN KEY (`file_id`)  REFERENCES `files` (`id`) ON DELETE CASCADE);
INSERT INTO files_related_morphs VALUES(2,2,'api::restaurant.restaurant','image',1);
INSERT INTO files_related_morphs VALUES(1,1,'api::restaurant.restaurant','image',1);
INSERT INTO files_related_morphs VALUES(3,3,'api::restaurant.restaurant','image',1);
INSERT INTO files_related_morphs VALUES(4,4,'api::restaurant.restaurant','image',1);
INSERT INTO files_related_morphs VALUES(5,5,'api::restaurant.restaurant','image',1);
INSERT INTO files_related_morphs VALUES(6,6,'api::restaurant.restaurant','image',1);
INSERT INTO files_related_morphs VALUES(7,7,'api::restaurant.restaurant','image',1);
CREATE TABLE `restaurants` (`id` integer not null primary key autoincrement, `name` varchar(255) null, `address` varchar(255) null, `created_at` datetime null, `updated_at` datetime null, `published_at` datetime null, `created_by_id` integer null, `updated_by_id` integer null, `city` varchar(255) null, `state` varchar(255) null, `link` varchar(255) null, constraint `restaurants_created_by_id_fk` foreign key(`created_by_id`) references `admin_users`(`id`) on delete SET NULL, constraint `restaurants_updated_by_id_fk` foreign key(`updated_by_id`) references `admin_users`(`id`) on delete SET NULL);
INSERT INTO restaurants VALUES(1,'New York Restaurant','353 Main Street ',1644867624456,1644870298587,1644867829101,1,1,'Catskill','NY','https://www.nyrestaurantcatskill.com/menuonline');
INSERT INTO restaurants VALUES(2,'The Maker Hotel','302 Warren Street',1644869321672,1644869427227,1644869427226,1,1,'Hudson','NY',NULL);
INSERT INTO restaurants VALUES(3,'Le Perche','230 Warren Street',1644871049409,1644871051006,1644871051005,1,1,'Hudson','NY','https://www.leperchehudson.com/');
INSERT INTO restaurants VALUES(4,'Red Dot','321 Warren Street',1644871648490,1644871649253,1644871649251,1,1,'Hudson','NY','http://reddothudson.net/');
INSERT INTO restaurants VALUES(5,'La Conca d''Oro','440 Main St',1645717397606,1645717398134,1645717398132,1,1,'Catskill','NY','https://www.laconcadoroonline.com/');
INSERT INTO restaurants VALUES(6,'394 Main','394 Main St',1645718064959,1645718065828,1645718065827,1,1,'Catskill','NY','http://www.394mainstreet.com/');
INSERT INTO restaurants VALUES(7,'Barnwood','14 Deer Lane',1645723221817,1645723223982,1645723223981,1,1,'Catskill','NY','https://www.barnwooddining.com/');
CREATE TABLE IF NOT EXISTS "orders" (`id` integer not null primary key autoincrement, `amount` float null, `address` varchar(255) null, `city` varchar(255) null, `state` varchar(255) null, `token` varchar(255) null, `created_at` datetime null, `updated_at` datetime null, `published_at` datetime null, `created_by_id` integer null, `updated_by_id` integer null, `dishes` json null, constraint `orders_created_by_id_fk` foreign key(`created_by_id`) references `admin_users`(`id`) on delete SET NULL, constraint `orders_updated_by_id_fk` foreign key(`updated_by_id`) references `admin_users`(`id`) on delete SET NULL);
CREATE TABLE `dishes_restaurant_links` (`dish_id` integer null, `restaurant_id` integer null, constraint `dishes_restaurant_links_fk` foreign key(`dish_id`) references `dishes`(`id`) on delete CASCADE, constraint `dishes_restaurant_links_inv_fk` foreign key(`restaurant_id`) references `restaurants`(`id`) on delete CASCADE);
INSERT INTO dishes_restaurant_links VALUES(11,2);
INSERT INTO dishes_restaurant_links VALUES(6,1);
INSERT INTO dishes_restaurant_links VALUES(10,1);
INSERT INTO dishes_restaurant_links VALUES(12,2);
INSERT INTO dishes_restaurant_links VALUES(16,2);
INSERT INTO dishes_restaurant_links VALUES(7,1);
INSERT INTO dishes_restaurant_links VALUES(2,1);
INSERT INTO dishes_restaurant_links VALUES(5,1);
INSERT INTO dishes_restaurant_links VALUES(14,2);
INSERT INTO dishes_restaurant_links VALUES(9,1);
INSERT INTO dishes_restaurant_links VALUES(17,2);
INSERT INTO dishes_restaurant_links VALUES(8,1);
INSERT INTO dishes_restaurant_links VALUES(15,2);
INSERT INTO dishes_restaurant_links VALUES(3,1);
INSERT INTO dishes_restaurant_links VALUES(4,1);
INSERT INTO dishes_restaurant_links VALUES(18,2);
INSERT INTO dishes_restaurant_links VALUES(19,2);
INSERT INTO dishes_restaurant_links VALUES(20,2);
INSERT INTO dishes_restaurant_links VALUES(21,2);
INSERT INTO dishes_restaurant_links VALUES(22,2);
INSERT INTO dishes_restaurant_links VALUES(23,2);
INSERT INTO dishes_restaurant_links VALUES(24,2);
INSERT INTO dishes_restaurant_links VALUES(26,2);
INSERT INTO dishes_restaurant_links VALUES(29,3);
INSERT INTO dishes_restaurant_links VALUES(30,3);
INSERT INTO dishes_restaurant_links VALUES(31,3);
INSERT INTO dishes_restaurant_links VALUES(32,3);
INSERT INTO dishes_restaurant_links VALUES(33,3);
INSERT INTO dishes_restaurant_links VALUES(34,3);
INSERT INTO dishes_restaurant_links VALUES(35,3);
INSERT INTO dishes_restaurant_links VALUES(36,3);
INSERT INTO dishes_restaurant_links VALUES(37,3);
INSERT INTO dishes_restaurant_links VALUES(39,3);
INSERT INTO dishes_restaurant_links VALUES(40,3);
INSERT INTO dishes_restaurant_links VALUES(41,3);
INSERT INTO dishes_restaurant_links VALUES(42,4);
INSERT INTO dishes_restaurant_links VALUES(43,4);
INSERT INTO dishes_restaurant_links VALUES(44,4);
INSERT INTO dishes_restaurant_links VALUES(45,4);
INSERT INTO dishes_restaurant_links VALUES(46,4);
INSERT INTO dishes_restaurant_links VALUES(47,4);
INSERT INTO dishes_restaurant_links VALUES(48,4);
INSERT INTO dishes_restaurant_links VALUES(49,4);
INSERT INTO dishes_restaurant_links VALUES(50,4);
INSERT INTO dishes_restaurant_links VALUES(51,4);
INSERT INTO dishes_restaurant_links VALUES(52,4);
INSERT INTO dishes_restaurant_links VALUES(53,4);
INSERT INTO dishes_restaurant_links VALUES(54,4);
INSERT INTO dishes_restaurant_links VALUES(55,4);
INSERT INTO dishes_restaurant_links VALUES(56,4);
INSERT INTO dishes_restaurant_links VALUES(57,4);
INSERT INTO dishes_restaurant_links VALUES(58,4);
INSERT INTO dishes_restaurant_links VALUES(59,4);
INSERT INTO dishes_restaurant_links VALUES(60,4);
INSERT INTO dishes_restaurant_links VALUES(61,4);
INSERT INTO dishes_restaurant_links VALUES(13,2);
INSERT INTO dishes_restaurant_links VALUES(25,2);
INSERT INTO dishes_restaurant_links VALUES(27,2);
INSERT INTO dishes_restaurant_links VALUES(28,2);
INSERT INTO dishes_restaurant_links VALUES(38,3);
INSERT INTO dishes_restaurant_links VALUES(1,1);
INSERT INTO dishes_restaurant_links VALUES(62,5);
INSERT INTO dishes_restaurant_links VALUES(63,5);
INSERT INTO dishes_restaurant_links VALUES(64,5);
INSERT INTO dishes_restaurant_links VALUES(65,5);
INSERT INTO dishes_restaurant_links VALUES(66,6);
INSERT INTO dishes_restaurant_links VALUES(67,6);
INSERT INTO dishes_restaurant_links VALUES(68,6);
INSERT INTO dishes_restaurant_links VALUES(69,6);
INSERT INTO dishes_restaurant_links VALUES(70,6);
INSERT INTO dishes_restaurant_links VALUES(71,6);
INSERT INTO dishes_restaurant_links VALUES(73,6);
INSERT INTO dishes_restaurant_links VALUES(72,6);
INSERT INTO dishes_restaurant_links VALUES(74,6);
INSERT INTO dishes_restaurant_links VALUES(75,6);
INSERT INTO dishes_restaurant_links VALUES(76,6);
INSERT INTO dishes_restaurant_links VALUES(77,6);
INSERT INTO dishes_restaurant_links VALUES(78,6);
INSERT INTO dishes_restaurant_links VALUES(79,6);
INSERT INTO dishes_restaurant_links VALUES(80,6);
INSERT INTO dishes_restaurant_links VALUES(81,6);
INSERT INTO dishes_restaurant_links VALUES(82,6);
INSERT INTO dishes_restaurant_links VALUES(83,6);
INSERT INTO dishes_restaurant_links VALUES(84,6);
INSERT INTO dishes_restaurant_links VALUES(85,6);
INSERT INTO dishes_restaurant_links VALUES(86,6);
INSERT INTO dishes_restaurant_links VALUES(87,6);
INSERT INTO dishes_restaurant_links VALUES(88,6);
INSERT INTO dishes_restaurant_links VALUES(89,6);
INSERT INTO dishes_restaurant_links VALUES(90,6);
INSERT INTO dishes_restaurant_links VALUES(91,7);
INSERT INTO dishes_restaurant_links VALUES(92,7);
INSERT INTO dishes_restaurant_links VALUES(93,7);
INSERT INTO dishes_restaurant_links VALUES(94,7);
INSERT INTO dishes_restaurant_links VALUES(95,7);
CREATE TABLE IF NOT EXISTS "dishes" (`id` integer PRIMARY KEY AUTOINCREMENT NOT NULL, `name` varchar(255) NULL, `description` varchar(255) NULL, `cost` float NULL, `add` json NULL, `created_at` datetime NULL, `updated_at` datetime NULL, `published_at` datetime NULL, `created_by_id` integer NULL, `updated_by_id` integer NULL, `course` varchar(255) NULL, `vegetarian` boolean null, `vegan` boolean null, `gf` boolean null, `service` varchar(255) null, CONSTRAINT `dishes_created_by_id_fk` FOREIGN KEY (`created_by_id`) REFERENCES `admin_users` (`id`) ON DELETE SET NULL, CONSTRAINT `dishes_updated_by_id_fk` FOREIGN KEY (`updated_by_id`) REFERENCES `admin_users` (`id`) ON DELETE SET NULL);
INSERT INTO dishes VALUES(1,'Cauliflower Wings','Buffalo. House bleu cheese. Celery.',13.5,NULL,1644867779995,1644953767514,1644867837840,1,1,'appetizer',1,NULL,1,'dinner');
INSERT INTO dishes VALUES(2,'Grilled Basa & Kraut','Mustard. Kraut. Pickle.',12.0,'{"add":[{"description":"Bun","charge":1}]}',1644868023373,1644870049755,1644869214211,1,1,'appetizer',NULL,NULL,NULL,'dinner');
INSERT INTO dishes VALUES(3,'Truffle Parmesan Brussels','Pan Roasted. Black Truffle.',12.0,NULL,1644868066850,1644870139404,1644869259542,1,1,'appetizer',1,NULL,NULL,'dinner');
INSERT INTO dishes VALUES(4,'Winter Salad','Market greens. Orange. Fennel. Pepitas, shaved romano. Raspberry vinaigrette',12.999999999999999999,'{"add":[{"description":"Chicken Breast","charge":7},{"description":"Kielbasa","charge":7},{"description":"Grilled Shrimp","charge":8},{"description":"Grilled Salmon","charge":8}]}',1644868320350,1644870148749,1644869268521,1,1,'salad',1,NULL,NULL,'dinner');
INSERT INTO dishes VALUES(5,'Kale Caesar','Shaved Brussels''. Tuscan Kale. Parmesan. House Caesar.',13.999999999999999999,'{"add":[{"description":"Chicken Breast","charge":7},{"description":"Kielbasa","charge":7},{"description":"Grilled Shrimp","charge":8},{"description":"Grilled Salmon","charge":8}]}',1644868392217,1644870064819,1644869224740,1,1,'salad',1,NULL,1,'dinner');
INSERT INTO dishes VALUES(6,'Broccolo Rabe & Kielbasa','Gruyete. Chili Oil. Pickled Onion.',18.5,NULL,1644868642994,1644869962838,1644869176652,1,1,'appetizer',NULL,NULL,1,'dinner');
INSERT INTO dishes VALUES(7,'Factory Burger','1/2 LB sirloin. Cheddar. Sauteed Onion. Chipotle aioli. Garlic parm fries.',18.5,NULL,1644868703064,1644870041211,1644869205559,1,1,'main',NULL,NULL,NULL,'dinner');
INSERT INTO dishes VALUES(8,'Risotto','Arborio rice. Roasted mushroom. Parmesan. Parsley.',21.5,'{"add":[{"description":"Hand-Cut Garlic Parm Fries","charge":6.5},{"description":"Hand-Cut Truffle Fries","charge":6.5},{"description":"Mashed Potato","charge":4},{"description":"Vegetable of the day","charge":6},{"description":"Sauerkraut","charge":4},{"description":"Mushroom Casserole","charge":8.5},{"description":"Red Cabbage Apple Slaw","charge":4}]}',1644868951216,1644870100541,1644869249353,1,1,'main',1,NULL,1,'dinner');
INSERT INTO dishes VALUES(9,'Pan Seared Scallops','Celery root puree. Roaster squash. Nutmeg.',27.5,'{"add":[{"description":"Hand-Cut Garlic Parm Fries","charge":6.5},{"description":"Hand-Cut Truffle Fries","charge":6.5},{"description":"Mashed Potato","charge":4},{"description":"Vegetable of the day","charge":6},{"description":"Sauerkraut","charge":4},{"description":"Mushroom Casserole","charge":8.5},{"description":"Red Cabbage Apple Slaw","charge":4}]}',1644868992717,1644870080760,1644869234424,1,1,'main',NULL,NULL,1,'dinner');
INSERT INTO dishes VALUES(10,'Cauliflower Steak','Fingerling potatoes. Puttanseca sauce. Basil.',19.5,'{"add":[{"description":"Hand-Cut Garlic Parm Fries","charge":6.5},{"description":"Hand-Cut Truffle Fries","charge":6.5},{"description":"Mashed Potato","charge":4},{"description":"Vegetable of the day","charge":6},{"description":"Sauerkraut","charge":4},{"description":"Mushroom Casserole","charge":8.5},{"description":"Red Cabbage Apple Slaw","charge":4}]}',1644869057241,1644869971142,1644869187347,1,1,'main',1,1,1,'dinner');
INSERT INTO dishes VALUES(11,'Bread & Cultured Butter',NULL,6.0,NULL,1644869382509,1644869944960,1644869423338,1,1,'appetizer',NULL,NULL,NULL,'dinner');
INSERT INTO dishes VALUES(12,'Chicories, Sunchokes, Pickled Pears, Verjus',NULL,17.0,NULL,1644869481691,1644870022651,1644869567857,1,1,'appetizer',NULL,NULL,NULL,'dinner');
INSERT INTO dishes VALUES(13,'Kabocha Squash Soup','Pumpkin Seed Miso, Cayenne Oil',17.0,NULL,1644869562442,1644943068137,1644869563123,1,1,'soup',NULL,NULL,NULL,'dinner');
INSERT INTO dishes VALUES(14,'Monkfish','Maitake Mushroom, Pumpkin Seed, Brown Butter',32.0,NULL,1644869637806,1644870073235,1644869638457,1,1,'main',NULL,NULL,NULL,'dinner');
INSERT INTO dishes VALUES(15,'Roasted Chicken','Yeasted Cauliflower, Green Apricot',32.999999999999999999,NULL,1644869680384,1644870116908,1644870116906,1,1,'main',NULL,NULL,NULL,'dinner');
INSERT INTO dishes VALUES(16,'Duck Breast & Confit','Sourdough Porridge, Radicchio, Pears',35.999999999999999999,NULL,1644869732264,1644870030455,1644869733302,1,1,'main',NULL,NULL,NULL,'dinner');
INSERT INTO dishes VALUES(17,'Ribeye ','Black Garlic, Onions, Beef Fat Potatoes',43.000000000000000001,NULL,1644869820086,1644870092605,1644870092603,1,1,'main',NULL,NULL,NULL,'dinner');
INSERT INTO dishes VALUES(18,'Buttermilk Ice Cream','Olive Oil Cake, Nasurtium Ganache, Almond',16.0,NULL,1644870197864,1644870199381,1644870199379,1,1,'dessert',NULL,NULL,NULL,'dinner');
INSERT INTO dishes VALUES(19,'Elderflower Mousse','Apple Granita, Lemon Thyme Shortbread',17.0,NULL,1644870248344,1644870594265,1644870594263,1,1,'dessert',NULL,NULL,NULL,'dinner');
INSERT INTO dishes VALUES(20,'Warm Coffee Cake','Soured Labne, Fermented Plums',12.0,NULL,1644870417866,1644870418661,1644870418659,1,1,'appetizer',NULL,NULL,NULL,'brunch');
INSERT INTO dishes VALUES(21,'Ronnybrook Yogurt','House-made Granola, Seasonal Fruit',13.999999999999999999,NULL,1644870457747,1644870458423,1644870458421,1,1,'appetizer',NULL,NULL,NULL,'brunch');
INSERT INTO dishes VALUES(22,'Sauted Maitake Mushroom Toast','Buttermilk Ricotta, Sorrel, Sourdough',17.999999999999999999,NULL,1644870527403,1644870528304,1644870528302,1,1,'main',NULL,NULL,NULL,'brunch');
INSERT INTO dishes VALUES(23,'House-Made Pork & Herb Sausage','Two sunny side eggs, crushed potatoes',22.0,NULL,1644870586774,1644870587369,1644870587367,1,1,'main',NULL,NULL,NULL,'brunch');
INSERT INTO dishes VALUES(24,'Shredded Duck Confit','Sourdough Porridge, soft egg, scallions',25.0,NULL,1644870638967,1644870694286,1644870690955,1,1,'main',NULL,NULL,NULL,'brunch');
INSERT INTO dishes VALUES(25,'Bartlett House Bakery Board','Butter, Preserves',8.0,NULL,1644870681870,1644943140088,1644870683397,1,1,'side',NULL,NULL,NULL,'brunch');
INSERT INTO dishes VALUES(26,'Farm Greens','Lemon, Herbs',9.0,NULL,1644870740616,1644870748930,1644870748928,1,1,'side',NULL,NULL,NULL,'brunch');
INSERT INTO dishes VALUES(27,'Sourdough Toast',NULL,5.0,NULL,1644870784125,1644943172214,1644870787698,1,1,'side',NULL,NULL,NULL,'brunch');
INSERT INTO dishes VALUES(28,'French Fries',NULL,6.0,NULL,1644870807140,1644943195132,1644870808349,1,1,'side',NULL,NULL,NULL,'brunch');
INSERT INTO dishes VALUES(29,'Crab Vichysoisse',NULL,16.0,NULL,1644871109472,1644871112431,1644871112429,1,1,'appetizer',NULL,NULL,NULL,'dinner');
INSERT INTO dishes VALUES(30,'Manilla Clams','Nettle Toast',17.0,NULL,1644871138673,1644871138673,NULL,1,1,'appetizer',NULL,NULL,NULL,'dinner');
INSERT INTO dishes VALUES(31,'Asparagus','Jambon Du Pays, Sauce Gribiche',17.999999999999999999,NULL,1644871184548,1644871185270,1644871185268,1,1,'appetizer',NULL,NULL,NULL,'dinner');
INSERT INTO dishes VALUES(32,'Cod Cheeks','Spring vegetables, beurre blanc',29.0,NULL,1644871216594,1644871219224,1644871219222,1,1,'main',NULL,NULL,NULL,'dinner');
INSERT INTO dishes VALUES(33,'Local Poussin','Morels, vin jaune, pommes puree',27.999999999999999999,NULL,1644871262616,1644871263954,1644871263953,1,1,'main',NULL,NULL,NULL,'dinner');
INSERT INTO dishes VALUES(34,'King Trumpet Mushroom a la Plancha','Crispy rice, herbs',25.0,NULL,1644871302211,1644871304126,1644871304125,1,1,'main',NULL,NULL,NULL,'dinner');
INSERT INTO dishes VALUES(35,'Paris Brest',NULL,13.999999999999999999,NULL,1644871330749,1644871331411,1644871331410,1,1,'dessert',NULL,NULL,NULL,'dinner');
INSERT INTO dishes VALUES(36,'Creme Brulee',NULL,12.0,NULL,1644871354962,1644871359445,1644871359443,1,1,'dessert',NULL,NULL,NULL,'dinner');
INSERT INTO dishes VALUES(37,'Steak Au Poivre','Frites',35.999999999999999999,NULL,1644871394332,1644871395024,1644871395022,1,1,'main',NULL,NULL,NULL,'dinner');
INSERT INTO dishes VALUES(38,'Frites',NULL,8.0,NULL,1644871419303,1644943232483,1644871419897,1,1,'side',NULL,NULL,NULL,'dinner');
INSERT INTO dishes VALUES(39,'Salade',NULL,8.0,NULL,1644871439642,1644871442263,1644871442261,1,1,'side',NULL,NULL,NULL,'dinner');
INSERT INTO dishes VALUES(40,'Chef''s Selection of Cheeses',NULL,17.999999999999999999,NULL,1644871467324,1644871467964,1644871467963,1,1,'side',NULL,NULL,NULL,'dinner');
INSERT INTO dishes VALUES(41,'Rosette De Lyon','Cornichons, Cultured Butter & Baguette',15.0,NULL,1644871515181,1644871516459,1644871516457,1,1,'side',NULL,NULL,NULL,'dinner');
INSERT INTO dishes VALUES(42,'Shishito Peppers','Feta Cheese, Salt, & Lemon',16.0,NULL,1644871720317,1644871721104,1644871721102,1,1,'appetizer',NULL,NULL,NULL,'dinner');
INSERT INTO dishes VALUES(43,'Thai Beef Salad','Seared Tenderloin, cliantro, mint, red onions, cucumbers, hearts of palm, and spicy thai dressing',16.0,NULL,1644871783550,1644871786819,1644871786818,1,1,'salad',NULL,NULL,NULL,'dinner');
INSERT INTO dishes VALUES(44,'Gnocchi Mac''N Cheese','Potato-Gnocchi, cream, white cheddar, asiago & parmesan cheeses. Topped with bread crumbs.',16.0,NULL,1644871861403,1644871864472,1644871864470,1,1,'main',NULL,NULL,NULL,'dinner');
INSERT INTO dishes VALUES(45,'Maine Cod Cakes','Spicy tartar sauce & fennel onion slaw',12.0,NULL,1644871908468,1644871909130,1644871909129,1,1,'appetizer',NULL,NULL,NULL,'dinner');
INSERT INTO dishes VALUES(46,'Black Bean Quesadilla','Sour cream & tomato salsa ',NULL,'{"add":[{"description":"Grilled chicken","charge":6}]}',1644871984186,1644871984960,1644871984959,1,1,'appetizer',NULL,NULL,NULL,'dinner');
INSERT INTO dishes VALUES(47,'House Salad','Mixed baby greens, smoked bacon, grape tomatoes & blue cheese with a Shallot Vinaigrette',12.0,'{"add":[{"description":"Grilled chicken","charge":6}]}',1644872074630,1644872075493,1644872075490,1,1,'salad',NULL,NULL,NULL,'dinner');
INSERT INTO dishes VALUES(48,'Classic Caesar Salad','Hearts of Romaine, croutons, shaved parmesan, and traditional caesar dressing',10.0,'{"add":[{"description":"Grilled chicken","charge":6}]}',1644872171596,1644872172405,1644872172404,1,1,'salad',NULL,NULL,NULL,'dinner');
INSERT INTO dishes VALUES(49,'Fish & Chips','Mixed baby greens and frites',17.999999999999999999,NULL,1644872224131,1644872226382,1644872226380,1,1,'main',NULL,NULL,NULL,'dinner');
INSERT INTO dishes VALUES(50,'Thai Curry Vegetables','Basmati Rice and Tzatziki sauce',6.0,'{"add":[{"description":"Chicken","charge":6}]}',1644872297552,1644872298403,1644872298401,1,1,'main',NULL,NULL,NULL,'dinner');
INSERT INTO dishes VALUES(51,'Hamburger & Frites',NULL,12.999999999999999999,'{"add":[{"description":"Grilled Onions","charge":2},{"description":"Cheddar Cheese","charge":3},{"description":"Swiss Cheese","charge":3},{"description":"Bleu Cheese","charge":3},{"description":"Bacon","charge":3}]}',1644872402675,1644872403427,1644872403425,1,1,'main',NULL,NULL,NULL,'dinner');
INSERT INTO dishes VALUES(52,'Starches','Frites / Mashed Potatoes / Basmati Rice',5.0,NULL,1644872455759,1644872456960,1644872456959,1,1,'side',NULL,NULL,NULL,'dinner');
INSERT INTO dishes VALUES(53,'Vegetables','Green Beans / Broccoli Florets',6.0,NULL,1644872494160,1644872494935,1644872494933,1,1,'side',NULL,NULL,NULL,'dinner');
INSERT INTO dishes VALUES(54,'Tiramisu','Whipped Cream and Cinnamon',8.0,NULL,1644872523723,1644872523723,NULL,1,1,'dessert',NULL,NULL,NULL,'dinner');
INSERT INTO dishes VALUES(55,'Red Dot Chocolate Pudding','Whipped cream, caramel sauce, candied walnuts',8.0,NULL,1644872560900,1644872562801,1644872562800,1,1,'dessert',NULL,NULL,NULL,'dinner');
INSERT INTO dishes VALUES(56,'Eggs Benedict','Served on an English Muffin with Thick Cut Canadian Bacon',15.0,'{"add":[{"description":"Potato latke","charge":2}]}',1644872659318,1644872660273,1644872660272,1,1,'main',NULL,NULL,NULL,'brunch');
INSERT INTO dishes VALUES(57,'2 Eggs Any Style ','Served with Home Fries, Bacon & Choice of Toast',12.0,NULL,1644872747307,1644872747833,1644872747831,1,1,'main',NULL,NULL,NULL,'brunch');
INSERT INTO dishes VALUES(58,'Croque Madame','Add Egg cooked any style',12.999999999999999999,NULL,1644872776992,1644872777645,1644872777643,1,1,'main',NULL,NULL,NULL,'brunch');
INSERT INTO dishes VALUES(59,'House Salad','Field Greens, red onions, cherry tomatoes, blue cheese & bacon. Tarragon shallot vinaigrette',12.0,NULL,1644872840899,1644872841854,1644872841852,1,1,'salad',NULL,NULL,NULL,'lunch');
INSERT INTO dishes VALUES(60,'Caesar Salad ','Hearts of Romain Lettuce, Croutons, shaved parmesan cheese and traditional caesar dressing',10.0,'{"add":[{"description":"Grilled Chicken","charge":6}]}',1644872930407,1645717759253,1645717759251,1,1,'salad',NULL,NULL,NULL,'lunch');
INSERT INTO dishes VALUES(61,'Red Dot Burger','Grilled to your liking, served with our Belgian-style frites, lettuce, red onions & pickles',12.999999999999999999,'{"add":[{"description":"Grilled onion","charge":2},{"description":"Add Bleu cheese","charge":3},{"description":"Add Cheddar cheese","charge":3},{"description":"Add Swiss cheese","charge":3},{"description":"Add Bacon","charge":4}]}',1644873091389,1644873094889,1644873094885,1,1,'main',NULL,NULL,NULL,'lunch');
INSERT INTO dishes VALUES(62,'Chicken Red Pepper Alfredo','Mushrooms & spinach over penne',17.949999999999999289,NULL,1645717565142,1645717568445,1645717568443,1,1,'main',NULL,NULL,NULL,'dinner');
INSERT INTO dishes VALUES(63,'Tortellini Creamy Picatta','Capers, sun dred tomatoes & broccoli',17.949999999999999289,NULL,1645717670012,1645717670674,1645717670673,1,1,'main',NULL,NULL,NULL,'dinner');
INSERT INTO dishes VALUES(64,'Pan Seared Salmon','Blistered tomatoes, pesto, rice & vegetable',17.949999999999999289,NULL,1645717748478,1645717751701,1645717751699,1,1,'main',1,NULL,NULL,'dinner');
INSERT INTO dishes VALUES(65,'Pork Loin','Chimichurri sauce, mango rice & vegetable of the day',17.949999999999999289,NULL,1645717812178,1645717812873,1645717812870,1,1,'main',NULL,NULL,NULL,'dinner');
INSERT INTO dishes VALUES(66,'Shrimp Tacos','Marinated shrimp, cilantro lime slaw, chipotle mayo, avocado crema',13.999999999999999999,NULL,1645718146140,1645718146827,1645718146826,1,1,'appetizer',NULL,NULL,NULL,'lunch');
INSERT INTO dishes VALUES(67,'Fish Tacos','Beer battered haddock, cilantro lime slaw, chipotle mayo, avocado crema',13.999999999999999999,NULL,1645718193110,1645718193759,1645718193757,1,1,'appetizer',NULL,NULL,NULL,'lunch');
INSERT INTO dishes VALUES(68,'Brew Hub Pretzel','Golden brown pretzel stick, blue moon cheese sauce',10.0,NULL,1645718263583,1645718264686,1645718264684,1,1,'appetizer',NULL,NULL,NULL,'lunch');
INSERT INTO dishes VALUES(69,'Nacho Chips','Blue moon cheese sauce, tortilla chips',9.0,NULL,1645718323485,1645718324144,1645718324140,1,1,'appetizer',NULL,NULL,NULL,'lunch');
INSERT INTO dishes VALUES(70,'House Salad','Arcadian mix, red onion, cherry tomatoes, cucumber, house dressing',8.0,'{"add":[{"description":"Chicken","charge":5},{"description":"Shrimp","charge":8}]}',1645721537817,1645721558758,1645721558757,1,1,'salad',NULL,NULL,NULL,'lunch');
INSERT INTO dishes VALUES(71,'394 Waldorf Salad','Arcadian & Romaine, celery, Red Delicious apples, raisins, candied walnuts, orange & lemon mayo dressing ',12.0,'{"add":[{"description":"Chicken","charge":5},{"description":"Shrimp","charge":8}]}',1645721667131,1645721667885,1645721667883,1,1,'salad',NULL,NULL,NULL,'lunch');
INSERT INTO dishes VALUES(72,'394 Smash Burger','Two 4oz patties ground in house with ribeye, filet and sirloin, cheddar, bacon bits, onion, quick pickles, smash sauce ',13.999999999999999999,'{"add":[{"description":"Tortilla Chips","charge":0},{"description":"House Salad","charge":4},{"description":"Fries","charge":4},{"description":"Onion Rings","charge":4}]}',1645721754492,1645722079702,1645721755165,1,1,'main',NULL,NULL,NULL,'lunch');
INSERT INTO dishes VALUES(73,'Cookies Chicken Sandwich ','Marinated chicken breast, candied bacon, chipotle aioli, avocado crema',13.999999999999999999,'{"add":[{"description":"Tortilla Chips","charge":0},{"description":"House Salad","charge":4},{"description":"Fries","charge":4},{"description":"Onion Rings","charge":4}]}',1645721973742,1645721974568,1645721974566,1,1,'main',NULL,NULL,NULL,'lunch');
INSERT INTO dishes VALUES(74,'Gyro Sandwich','Beef gyro meat, tzatziki, grape tomato, onion, arcadian',12.999999999999999999,'{"add":[{"description":"Tortilla Chips","charge":0},{"description":"House Salad","charge":4},{"description":"Fries","charge":4},{"description":"Onion Rings","charge":4}]}',1645722148338,1645722148950,1645722148949,1,1,'main',NULL,NULL,NULL,'lunch');
INSERT INTO dishes VALUES(75,'French Fries',NULL,4.0,NULL,1645722195903,1645722200706,1645722200704,1,1,'side',NULL,NULL,NULL,'lunch');
INSERT INTO dishes VALUES(76,'Beer Battered Onion Rings',NULL,6.0,'{"add":[{"description":"Tortilla Chips","charge":0},{"description":"House Salad","charge":4},{"description":"Fries","charge":4},{"description":"Onion Rings","charge":4}]}',1645722238262,1645722239212,1645722239211,1,1,'side',NULL,NULL,NULL,'lunch');
INSERT INTO dishes VALUES(77,'Meatballs',NULL,4.0,'{"add":[{"description":"Tortilla Chips","charge":0},{"description":"House Salad","charge":4},{"description":"Fries","charge":4},{"description":"Onion Rings","charge":4}]}',1645722264781,1645722265409,1645722265408,1,1,'side',NULL,NULL,NULL,'lunch');
INSERT INTO dishes VALUES(78,'Pepperoni',NULL,5.0,'{"add":[{"description":"Tortilla Chips","charge":0},{"description":"House Salad","charge":4},{"description":"Fries","charge":4},{"description":"Onion Rings","charge":4}]}',1645722290204,1645722290774,1645722290772,1,1,'side',NULL,NULL,NULL,'lunch');
INSERT INTO dishes VALUES(79,'Shrimp Tacos','Marinated shrimp, cilantro lime slaw, chipotle mayo, avocado crema',13.999999999999999999,NULL,1645722372199,1645722372738,1645722372737,1,1,'appetizer',NULL,NULL,NULL,'dinner');
INSERT INTO dishes VALUES(80,'Fish Tacos','Beer battered haddock, cilantro lime slaw, chipotle mayo, avocado crema',13.999999999999999999,NULL,1645722399456,1645722399998,1645722399994,1,1,'appetizer',NULL,NULL,NULL,'dinner');
INSERT INTO dishes VALUES(81,'Boomin Shrimp','Lightly fried shrimp, thai chili and sriracha sauce, green onions',12.0,NULL,1645722470595,1645722471222,1645722471221,1,1,'appetizer',NULL,NULL,NULL,'dinner');
INSERT INTO dishes VALUES(82,'Buffalo Chicken Wonton','Crispy wonton filled with buffalo chicken, bleu dressing ',10.0,NULL,1645722517435,1645722518041,1645722518040,1,1,'appetizer',NULL,NULL,NULL,'dinner');
INSERT INTO dishes VALUES(83,'Salsa & Chips','Roasted garlic and tomato salsa, tortilla chips',7.0,NULL,1645722557570,1645722558208,1645722558206,1,1,'appetizer',NULL,NULL,NULL,'dinner');
INSERT INTO dishes VALUES(84,'House Salad','Arcadian mix, red onion, cherry tomatoes, cucumber, house dressing',8.0,'{"add":[{"description":"Chicken","charge":5},{"description":"Shrimp","charge":8}]}',1645722642896,1645722643851,1645722643850,1,1,'salad',NULL,NULL,NULL,'dinner');
INSERT INTO dishes VALUES(85,'394 Waldorf Salad','Arcadian & Romaine, celery, Red Delicious apples, raisins, candied walnuts, orange & lemon mayo dressing ',12.0,'{"add":[{"description":"Chicken","charge":5},{"description":"Shrimp","charge":8}]}',1645722776278,1645722777263,1645722777262,1,1,'salad',NULL,NULL,NULL,'dinner');
INSERT INTO dishes VALUES(86,'Meal In A Heel','Cookies famous meals in heel, Italian bastone, mozzarella  ',12.0,'{"add":[{"description":"Tortilla Chips","charge":0},{"description":"House Salad","charge":4},{"description":"Fries","charge":4},{"description":"Onion Rings","charge":4}]}',1645722895793,1645722897768,1645722897766,1,1,'main',NULL,NULL,NULL,'dinner');
INSERT INTO dishes VALUES(87,'Strip Steak','12oz copper creek farms, garlic mashed potatoes, veggies, red wine demi',27.0,'{"add":[{"description":"Tortilla Chips","charge":0},{"description":"House Salad","charge":4},{"description":"Fries","charge":4},{"description":"Onion Rings","charge":4}]}',1645722954517,1645722955157,1645722955155,1,1,'main',NULL,NULL,NULL,'dinner');
INSERT INTO dishes VALUES(88,'French Fries',NULL,4.0,NULL,1645722995464,1645722996454,1645722996452,1,1,'side',NULL,NULL,NULL,'dinner');
INSERT INTO dishes VALUES(89,'Beer Battered Onion Rings',NULL,6.0,NULL,1645723013688,1645723013988,1645723013986,1,1,'side',NULL,NULL,NULL,'dinner');
INSERT INTO dishes VALUES(90,'Side House Salad',NULL,6.0,NULL,1645723039683,1645723040244,1645723040243,1,1,'side',NULL,NULL,NULL,'dinner');
INSERT INTO dishes VALUES(91,'Housemade Soup','Made daily with fresh ingredients',4.9900000000000002131,NULL,1645723284485,1645723284991,1645723284989,1,1,'soup',NULL,NULL,NULL,'dinner');
INSERT INTO dishes VALUES(92,'Quesadilla','Your choice of seasoned chicken, or seasoned ground beef. Served with sour cream and salsa.',7.9900000000000002131,'{"add":[{"description":"Seasoned chicken","charge":0},{"description":"Seasoned ground beef","charge":0}]}',1645723418041,1645723418607,1645723418606,1,1,'appetizer',NULL,NULL,NULL,'dinner');
INSERT INTO dishes VALUES(93,'Fried Calamari','A generous portion of calamari, lightly dusted and fried. Served with homemade marinara and lemon wedge.',9.9900000000000002131,NULL,1645723482357,1645723483143,1645723483141,1,1,'appetizer',NULL,NULL,NULL,'dinner');
INSERT INTO dishes VALUES(94,'San Fransisco Salad','Fresh red lettuce, Roma tomatoes, cucumbers, sliced red onions, dried cranberries & glazed walnuts. Topped with a fresh, marinated grilled chicken breast and served with our Asian dressing.',8.9900000000000002131,NULL,1645723584465,1645723585146,1645723585145,1,1,'salad',NULL,NULL,NULL,'dinner');
INSERT INTO dishes VALUES(95,'Greek Salad','Fresh greens, Roma tomatoes, cucumbers, feta cheese, pepperoncini & Kalamata olives. Served with Greek dressing on the side.  ',7.9900000000000002131,'{"add":[{"description":"Grilled chicken","charge":3}]}',1645723746772,1645723747349,1645723747348,1,1,'salad',NULL,NULL,NULL,'dinner');
DELETE FROM sqlite_sequence;
INSERT INTO sqlite_sequence VALUES('strapi_database_schema',15);
INSERT INTO sqlite_sequence VALUES('strapi_core_store_settings',19);
INSERT INTO sqlite_sequence VALUES('up_roles',2);
INSERT INTO sqlite_sequence VALUES('up_permissions',70);
INSERT INTO sqlite_sequence VALUES('i18n_locale',1);
INSERT INTO sqlite_sequence VALUES('admin_roles',3);
INSERT INTO sqlite_sequence VALUES('admin_permissions',103);
INSERT INTO sqlite_sequence VALUES('admin_users',1);
INSERT INTO sqlite_sequence VALUES('up_users',6);
INSERT INTO sqlite_sequence VALUES('orders',8);
INSERT INTO sqlite_sequence VALUES('files',7);
INSERT INTO sqlite_sequence VALUES('restaurants',7);
INSERT INTO sqlite_sequence VALUES('dishes',95);
CREATE INDEX `admin_permissions_created_by_id_fk` on `admin_permissions` (`created_by_id`);
CREATE INDEX `admin_permissions_updated_by_id_fk` on `admin_permissions` (`updated_by_id`);
CREATE INDEX `admin_users_created_by_id_fk` on `admin_users` (`created_by_id`);
CREATE INDEX `admin_users_updated_by_id_fk` on `admin_users` (`updated_by_id`);
CREATE INDEX `admin_roles_created_by_id_fk` on `admin_roles` (`created_by_id`);
CREATE INDEX `admin_roles_updated_by_id_fk` on `admin_roles` (`updated_by_id`);
CREATE INDEX `strapi_api_tokens_created_by_id_fk` on `strapi_api_tokens` (`created_by_id`);
CREATE INDEX `strapi_api_tokens_updated_by_id_fk` on `strapi_api_tokens` (`updated_by_id`);
CREATE INDEX `files_created_by_id_fk` on `files` (`created_by_id`);
CREATE INDEX `files_updated_by_id_fk` on `files` (`updated_by_id`);
CREATE INDEX `up_permissions_created_by_id_fk` on `up_permissions` (`created_by_id`);
CREATE INDEX `up_permissions_updated_by_id_fk` on `up_permissions` (`updated_by_id`);
CREATE INDEX `up_roles_created_by_id_fk` on `up_roles` (`created_by_id`);
CREATE INDEX `up_roles_updated_by_id_fk` on `up_roles` (`updated_by_id`);
CREATE INDEX `up_users_created_by_id_fk` on `up_users` (`created_by_id`);
CREATE INDEX `up_users_updated_by_id_fk` on `up_users` (`updated_by_id`);
CREATE INDEX `i18n_locale_created_by_id_fk` on `i18n_locale` (`created_by_id`);
CREATE INDEX `i18n_locale_updated_by_id_fk` on `i18n_locale` (`updated_by_id`);
CREATE INDEX `admin_permissions_role_links_fk` on `admin_permissions_role_links` (`permission_id`);
CREATE INDEX `admin_permissions_role_links_inv_fk` on `admin_permissions_role_links` (`role_id`);
CREATE INDEX `admin_users_roles_links_fk` on `admin_users_roles_links` (`user_id`);
CREATE INDEX `admin_users_roles_links_inv_fk` on `admin_users_roles_links` (`role_id`);
CREATE INDEX `up_permissions_role_links_fk` on `up_permissions_role_links` (`permission_id`);
CREATE INDEX `up_permissions_role_links_inv_fk` on `up_permissions_role_links` (`role_id`);
CREATE INDEX `up_users_role_links_fk` on `up_users_role_links` (`user_id`);
CREATE INDEX `up_users_role_links_inv_fk` on `up_users_role_links` (`role_id`);
CREATE INDEX `files_related_morphs_fk` on `files_related_morphs` (`file_id`);
CREATE INDEX `restaurants_created_by_id_fk` on `restaurants` (`created_by_id`);
CREATE INDEX `restaurants_updated_by_id_fk` on `restaurants` (`updated_by_id`);
CREATE INDEX `orders_created_by_id_fk` on `orders` (`created_by_id`);
CREATE INDEX `orders_updated_by_id_fk` on `orders` (`updated_by_id`);
CREATE INDEX `dishes_restaurant_links_fk` on `dishes_restaurant_links` (`dish_id`);
CREATE INDEX `dishes_restaurant_links_inv_fk` on `dishes_restaurant_links` (`restaurant_id`);
CREATE INDEX `dishes_created_by_id_fk` on `dishes` (`created_by_id`);
CREATE INDEX `dishes_updated_by_id_fk` on `dishes` (`updated_by_id`);
COMMIT;
